time;0;6;12;20
2022-02-18T08:00:00;0.0355;0.0355;-0.09;-0.6
2022-02-18T08:01:00;0;0;0;0
2022-02-18T08:02:00;0;0;0;0
2022-02-18T08:03:00;0;0;0;0
2022-02-18T08:04:00;0;0;0;0
2022-02-18T08:05:00;0;0;0;0
2022-02-18T08:06:00;0;0;0;0
2022-02-18T08:07:00;0;0;0;0
2022-02-18T08:08:00;0;0;0;0
2022-02-18T08:09:00;0;0;0;0
2022-02-18T08:10:00;0.1019;0.1019;0.03;-0.41
2022-02-18T08:11:00;0;0;0;0
2022-02-18T08:12:00;0;0;0;0
2022-02-18T08:13:00;0;0;0;0
2022-02-18T08:14:00;0;0;0;0
2022-02-18T08:15:00;0;0;0;0
2022-02-18T08:16:00;0;0;0;0
2022-02-18T08:17:00;0;0;0;0
2022-02-18T08:18:00;0;0;0;0
2022-02-18T08:19:00;0;0;0;0
2022-02-18T08:20:00;0.1672;0.1672;0.14;-0.23
2022-02-18T08:21:00;0;0;0;0
2022-02-18T08:22:00;0;0;0;0
2022-02-18T08:23:00;0;0;0;0
2022-02-18T08:24:00;0;0;0;0
2022-02-18T08:25:00;0;0;0;0
2022-02-18T08:26:00;0;0;0;0
2022-02-18T08:27:00;0;0;0;0
2022-02-18T08:28:00;0;0;0;0
2022-02-18T08:29:00;0;0;0;0
2022-02-18T08:30:00;0.2327;0.2327;0.24;-0.06
2022-02-18T08:31:00;0;0;0;0
2022-02-18T08:32:00;0;0;0;0
2022-02-18T08:33:00;0;0;0;0
2022-02-18T08:34:00;0;0;0;0
2022-02-18T08:35:00;0;0;0;0
2022-02-18T08:36:00;0;0;0;0
2022-02-18T08:37:00;0;0;0;0
2022-02-18T08:38:00;0;0;0;0
2022-02-18T08:39:00;0;0;0;0
2022-02-18T08:40:00;0.299;0.299;0.34;0.08
2022-02-18T08:41:00;0;0;0;0
2022-02-18T08:42:00;0;0;0;0
2022-02-18T08:43:00;0;0;0;0
2022-02-18T08:44:00;0;0;0;0
2022-02-18T08:45:00;0;0;0;0
2022-02-18T08:46:00;0;0;0;0
2022-02-18T08:47:00;0;0;0;0
2022-02-18T08:48:00;0;0;0;0
2022-02-18T08:49:00;0;0;0;0
2022-02-18T08:50:00;0.3658;0.3658;0.43;0.22
2022-02-18T08:51:00;0;0;0;0
2022-02-18T08:52:00;0;0;0;0
2022-02-18T08:53:00;0;0;0;0
2022-02-18T08:54:00;0;0;0;0
2022-02-18T08:55:00;0;0;0;0
2022-02-18T08:56:00;0;0;0;0
2022-02-18T08:57:00;0;0;0;0
2022-02-18T08:58:00;0;0;0;0
2022-02-18T08:59:00;0;0;0;0
2022-02-18T09:00:00;0.432;0.432;0.52;0.35
2022-02-18T09:01:00;0;0;0;0
2022-02-18T09:02:00;0;0;0;0
2022-02-18T09:03:00;0;0;0;0
2022-02-18T09:04:00;0;0;0;0
2022-02-18T09:05:00;0;0;0;0
2022-02-18T09:06:00;0;0;0;0
2022-02-18T09:07:00;0;0;0;0
2022-02-18T09:08:00;0;0;0;0
2022-02-18T09:09:00;0;0;0;0
2022-02-18T09:10:00;0.4963;0.4963;0.6;0.48
2022-02-18T09:11:00;0;0;0;0
2022-02-18T09:12:00;0;0;0;0
2022-02-18T09:13:00;0;0;0;0
2022-02-18T09:14:00;0;0;0;0
2022-02-18T09:15:00;0;0;0;0
2022-02-18T09:16:00;0;0;0;0
2022-02-18T09:17:00;0;0;0;0
2022-02-18T09:18:00;0;0;0;0
2022-02-18T09:19:00;0;0;0;0
2022-02-18T09:20:00;0.5574;0.5574;0.68;0.59
2022-02-18T09:21:00;0;0;0;0
2022-02-18T09:22:00;0;0;0;0
2022-02-18T09:23:00;0;0;0;0
2022-02-18T09:24:00;0;0;0;0
2022-02-18T09:25:00;0;0;0;0
2022-02-18T09:26:00;0;0;0;0
2022-02-18T09:27:00;0;0;0;0
2022-02-18T09:28:00;0;0;0;0
2022-02-18T09:29:00;0;0;0;0
2022-02-18T09:30:00;0.6142;0.6142;0.75;0.69
2022-02-18T09:31:00;0;0;0;0
2022-02-18T09:32:00;0;0;0;0
2022-02-18T09:33:00;0;0;0;0
2022-02-18T09:34:00;0;0;0;0
2022-02-18T09:35:00;0;0;0;0
2022-02-18T09:36:00;0;0;0;0
2022-02-18T09:37:00;0;0;0;0
2022-02-18T09:38:00;0;0;0;0
2022-02-18T09:39:00;0;0;0;0
2022-02-18T09:40:00;0.666;0.666;0.81;0.78
2022-02-18T09:41:00;0;0;0;0
2022-02-18T09:42:00;0;0;0;0
2022-02-18T09:43:00;0;0;0;0
2022-02-18T09:44:00;0;0;0;0
2022-02-18T09:45:00;0;0;0;0
2022-02-18T09:46:00;0;0;0;0
2022-02-18T09:47:00;0;0;0;0
2022-02-18T09:48:00;0;0;0;0
2022-02-18T09:49:00;0;0;0;0
2022-02-18T09:50:00;0.7126;0.7126;0.87;0.86
2022-02-18T09:51:00;0;0;0;0
2022-02-18T09:52:00;0;0;0;0
2022-02-18T09:53:00;0;0;0;0
2022-02-18T09:54:00;0;0;0;0
2022-02-18T09:55:00;0;0;0;0
2022-02-18T09:56:00;0;0;0;0
2022-02-18T09:57:00;0;0;0;0
2022-02-18T09:58:00;0;0;0;0
2022-02-18T09:59:00;0;0;0;0
2022-02-18T10:00:00;0.7541;0.7541;0.92;0.93
2022-02-18T10:01:00;0;0;0;0
2022-02-18T10:02:00;0;0;0;0
2022-02-18T10:03:00;0;0;0;0
2022-02-18T10:04:00;0;0;0;0
2022-02-18T10:05:00;0;0;0;0
2022-02-18T10:06:00;0;0;0;0
2022-02-18T10:07:00;0;0;0;0
2022-02-18T10:08:00;0;0;0;0
2022-02-18T10:09:00;0;0;0;0
2022-02-18T10:10:00;0.791;0.791;0.96;0.99
2022-02-18T10:11:00;0;0;0;0
2022-02-18T10:12:00;0;0;0;0
2022-02-18T10:13:00;0;0;0;0
2022-02-18T10:14:00;0;0;0;0
2022-02-18T10:15:00;0;0;0;0
2022-02-18T10:16:00;0;0;0;0
2022-02-18T10:17:00;0;0;0;0
2022-02-18T10:18:00;0;0;0;0
2022-02-18T10:19:00;0;0;0;0
2022-02-18T10:20:00;0.8236;0.8236;1;1.04
2022-02-18T10:21:00;0;0;0;0
2022-02-18T10:22:00;0;0;0;0
2022-02-18T10:23:00;0;0;0;0
2022-02-18T10:24:00;0;0;0;0
2022-02-18T10:25:00;0;0;0;0
2022-02-18T10:26:00;0;0;0;0
2022-02-18T10:27:00;0;0;0;0
2022-02-18T10:28:00;0;0;0;0
2022-02-18T10:29:00;0;0;0;0
2022-02-18T10:30:00;0.8522;0.8522;1.04;1.08
2022-02-18T10:31:00;0;0;0;0
2022-02-18T10:32:00;0;0;0;0
2022-02-18T10:33:00;0;0;0;0
2022-02-18T10:34:00;0;0;0;0
2022-02-18T10:35:00;0;0;0;0
2022-02-18T10:36:00;0;0;0;0
2022-02-18T10:37:00;0;0;0;0
2022-02-18T10:38:00;0;0;0;0
2022-02-18T10:39:00;0;0;0;0
2022-02-18T10:40:00;0.8766;0.8766;1.07;1.11
2022-02-18T10:41:00;0;0;0;0
2022-02-18T10:42:00;0;0;0;0
2022-02-18T10:43:00;0;0;0;0
2022-02-18T10:44:00;0;0;0;0
2022-02-18T10:45:00;0;0;0;0
2022-02-18T10:46:00;0;0;0;0
2022-02-18T10:47:00;0;0;0;0
2022-02-18T10:48:00;0;0;0;0
2022-02-18T10:49:00;0;0;0;0
2022-02-18T10:50:00;0.8964;0.8964;1.1;1.15
2022-02-18T10:51:00;0;0;0;0
2022-02-18T10:52:00;0;0;0;0
2022-02-18T10:53:00;0;0;0;0
2022-02-18T10:54:00;0;0;0;0
2022-02-18T10:55:00;0;0;0;0
2022-02-18T10:56:00;0;0;0;0
2022-02-18T10:57:00;0;0;0;0
2022-02-18T10:58:00;0;0;0;0
2022-02-18T10:59:00;0;0;0;0
2022-02-18T11:00:00;0.9108;0.9108;1.12;1.17
2022-02-18T11:01:00;0;0;0;0
2022-02-18T11:02:00;0;0;0;0
2022-02-18T11:03:00;0;0;0;0
2022-02-18T11:04:00;0;0;0;0
2022-02-18T11:05:00;0;0;0;0
2022-02-18T11:06:00;0;0;0;0
2022-02-18T11:07:00;0;0;0;0
2022-02-18T11:08:00;0;0;0;0
2022-02-18T11:09:00;0;0;0;0
2022-02-18T11:10:00;0.9188;0.9188;1.14;1.2
2022-02-18T11:11:00;0;0;0;0
2022-02-18T11:12:00;0;0;0;0
2022-02-18T11:13:00;0;0;0;0
2022-02-18T11:14:00;0;0;0;0
2022-02-18T11:15:00;0;0;0;0
2022-02-18T11:16:00;0;0;0;0
2022-02-18T11:17:00;0;0;0;0
2022-02-18T11:18:00;0;0;0;0
2022-02-18T11:19:00;0;0;0;0
2022-02-18T11:20:00;0.9193;0.9193;1.16;1.23
2022-02-18T11:21:00;0;0;0;0
2022-02-18T11:22:00;0;0;0;0
2022-02-18T11:23:00;0;0;0;0
2022-02-18T11:24:00;0;0;0;0
2022-02-18T11:25:00;0;0;0;0
2022-02-18T11:26:00;0;0;0;0
2022-02-18T11:27:00;0;0;0;0
2022-02-18T11:28:00;0;0;0;0
2022-02-18T11:29:00;0;0;0;0
2022-02-18T11:30:00;0.9114;0.9114;1.17;1.27
2022-02-18T11:31:00;0;0;0;0
2022-02-18T11:32:00;0;0;0;0
2022-02-18T11:33:00;0;0;0;0
2022-02-18T11:34:00;0;0;0;0
2022-02-18T11:35:00;0;0;0;0
2022-02-18T11:36:00;0;0;0;0
2022-02-18T11:37:00;0;0;0;0
2022-02-18T11:38:00;0;0;0;0
2022-02-18T11:39:00;0;0;0;0
2022-02-18T11:40:00;0.8942;0.8942;1.17;1.3
2022-02-18T11:41:00;0;0;0;0
2022-02-18T11:42:00;0;0;0;0
2022-02-18T11:43:00;0;0;0;0
2022-02-18T11:44:00;0;0;0;0
2022-02-18T11:45:00;0;0;0;0
2022-02-18T11:46:00;0;0;0;0
2022-02-18T11:47:00;0;0;0;0
2022-02-18T11:48:00;0;0;0;0
2022-02-18T11:49:00;0;0;0;0
2022-02-18T11:50:00;0.8673;0.8673;1.17;1.32
2022-02-18T11:51:00;0;0;0;0
2022-02-18T11:52:00;0;0;0;0
2022-02-18T11:53:00;0;0;0;0
2022-02-18T11:54:00;0;0;0;0
2022-02-18T11:55:00;0;0;0;0
2022-02-18T11:56:00;0;0;0;0
2022-02-18T11:57:00;0;0;0;0
2022-02-18T11:58:00;0;0;0;0
2022-02-18T11:59:00;0;0;0;0
2022-02-18T12:00:00;0.8306;0.8306;1.16;1.35
2022-02-18T12:01:00;0;0;0;0
2022-02-18T12:02:00;0;0;0;0
2022-02-18T12:03:00;0;0;0;0
2022-02-18T12:04:00;0;0;0;0
2022-02-18T12:05:00;0;0;0;0
2022-02-18T12:06:00;0;0;0;0
2022-02-18T12:07:00;0;0;0;0
2022-02-18T12:08:00;0;0;0;0
2022-02-18T12:09:00;0;0;0;0
2022-02-18T12:10:00;0.7842;0.7842;1.13;1.36
2022-02-18T12:11:00;0;0;0;0
2022-02-18T12:12:00;0;0;0;0
2022-02-18T12:13:00;0;0;0;0
2022-02-18T12:14:00;0;0;0;0
2022-02-18T12:15:00;0;0;0;0
2022-02-18T12:16:00;0;0;0;0
2022-02-18T12:17:00;0;0;0;0
2022-02-18T12:18:00;0;0;0;0
2022-02-18T12:19:00;0;0;0;0
2022-02-18T12:20:00;0.7284;0.7284;1.1;1.37
2022-02-18T12:21:00;0;0;0;0
2022-02-18T12:22:00;0;0;0;0
2022-02-18T12:23:00;0;0;0;0
2022-02-18T12:24:00;0;0;0;0
2022-02-18T12:25:00;0;0;0;0
2022-02-18T12:26:00;0;0;0;0
2022-02-18T12:27:00;0;0;0;0
2022-02-18T12:28:00;0;0;0;0
2022-02-18T12:29:00;0;0;0;0
2022-02-18T12:30:00;0.6638;0.6638;1.05;1.37
2022-02-18T12:31:00;0;0;0;0
2022-02-18T12:32:00;0;0;0;0
2022-02-18T12:33:00;0;0;0;0
2022-02-18T12:34:00;0;0;0;0
2022-02-18T12:35:00;0;0;0;0
2022-02-18T12:36:00;0;0;0;0
2022-02-18T12:37:00;0;0;0;0
2022-02-18T12:38:00;0;0;0;0
2022-02-18T12:39:00;0;0;0;0
2022-02-18T12:40:00;0.591;0.591;1;1.36
2022-02-18T12:41:00;0;0;0;0
2022-02-18T12:42:00;0;0;0;0
2022-02-18T12:43:00;0;0;0;0
2022-02-18T12:44:00;0;0;0;0
2022-02-18T12:45:00;0;0;0;0
2022-02-18T12:46:00;0;0;0;0
2022-02-18T12:47:00;0;0;0;0
2022-02-18T12:48:00;0;0;0;0
2022-02-18T12:49:00;0;0;0;0
2022-02-18T12:50:00;0.5109;0.5109;0.94;1.34
2022-02-18T12:51:00;0;0;0;0
2022-02-18T12:52:00;0;0;0;0
2022-02-18T12:53:00;0;0;0;0
2022-02-18T12:54:00;0;0;0;0
2022-02-18T12:55:00;0;0;0;0
2022-02-18T12:56:00;0;0;0;0
2022-02-18T12:57:00;0;0;0;0
2022-02-18T12:58:00;0;0;0;0
2022-02-18T12:59:00;0;0;0;0
2022-02-18T13:00:00;0.4242;0.4242;0.87;1.3
2022-02-18T13:01:00;0;0;0;0
2022-02-18T13:02:00;0;0;0;0
2022-02-18T13:03:00;0;0;0;0
2022-02-18T13:04:00;0;0;0;0
2022-02-18T13:05:00;0;0;0;0
2022-02-18T13:06:00;0;0;0;0
2022-02-18T13:07:00;0;0;0;0
2022-02-18T13:08:00;0;0;0;0
2022-02-18T13:09:00;0;0;0;0
2022-02-18T13:10:00;0.3321;0.3321;0.8;1.26
2022-02-18T13:11:00;0;0;0;0
2022-02-18T13:12:00;0;0;0;0
2022-02-18T13:13:00;0;0;0;0
2022-02-18T13:14:00;0;0;0;0
2022-02-18T13:15:00;0;0;0;0
2022-02-18T13:16:00;0;0;0;0
2022-02-18T13:17:00;0;0;0;0
2022-02-18T13:18:00;0;0;0;0
2022-02-18T13:19:00;0;0;0;0
2022-02-18T13:20:00;0.2357;0.2357;0.71;1.22
2022-02-18T13:21:00;0;0;0;0
2022-02-18T13:22:00;0;0;0;0
2022-02-18T13:23:00;0;0;0;0
2022-02-18T13:24:00;0;0;0;0
2022-02-18T13:25:00;0;0;0;0
2022-02-18T13:26:00;0;0;0;0
2022-02-18T13:27:00;0;0;0;0
2022-02-18T13:28:00;0;0;0;0
2022-02-18T13:29:00;0;0;0;0
2022-02-18T13:30:00;0.1362;0.1362;0.62;1.16
2022-02-18T13:31:00;0;0;0;0
2022-02-18T13:32:00;0;0;0;0
2022-02-18T13:33:00;0;0;0;0
2022-02-18T13:34:00;0;0;0;0
2022-02-18T13:35:00;0;0;0;0
2022-02-18T13:36:00;0;0;0;0
2022-02-18T13:37:00;0;0;0;0
2022-02-18T13:38:00;0;0;0;0
2022-02-18T13:39:00;0;0;0;0
2022-02-18T13:40:00;0.0348;0.0348;0.53;1.09
2022-02-18T13:41:00;0;0;0;0
2022-02-18T13:42:00;0;0;0;0
2022-02-18T13:43:00;0;0;0;0
2022-02-18T13:44:00;0;0;0;0
2022-02-18T13:45:00;0;0;0;0
2022-02-18T13:46:00;0;0;0;0
2022-02-18T13:47:00;0;0;0;0
2022-02-18T13:48:00;0;0;0;0
2022-02-18T13:49:00;0;0;0;0
2022-02-18T13:50:00;-0.0671;-0.0671;0.43;1.01
2022-02-18T13:51:00;0;0;0;0
2022-02-18T13:52:00;0;0;0;0
2022-02-18T13:53:00;0;0;0;0
2022-02-18T13:54:00;0;0;0;0
2022-02-18T13:55:00;0;0;0;0
2022-02-18T13:56:00;0;0;0;0
2022-02-18T13:57:00;0;0;0;0
2022-02-18T13:58:00;0;0;0;0
2022-02-18T13:59:00;0;0;0;0
2022-02-18T14:00:00;-0.1684;-0.1684;0.32;0.93
2022-02-18T14:01:00;0;0;0;0
2022-02-18T14:02:00;0;0;0;0
2022-02-18T14:03:00;0;0;0;0
2022-02-18T14:04:00;0;0;0;0
2022-02-18T14:05:00;0;0;0;0
2022-02-18T14:06:00;0;0;0;0
2022-02-18T14:07:00;0;0;0;0
2022-02-18T14:08:00;0;0;0;0
2022-02-18T14:09:00;0;0;0;0
2022-02-18T14:10:00;-0.2681;-0.2681;0.21;0.84
2022-02-18T14:11:00;0;0;0;0
2022-02-18T14:12:00;0;0;0;0
2022-02-18T14:13:00;0;0;0;0
2022-02-18T14:14:00;0;0;0;0
2022-02-18T14:15:00;0;0;0;0
2022-02-18T14:16:00;0;0;0;0
2022-02-18T14:17:00;0;0;0;0
2022-02-18T14:18:00;0;0;0;0
2022-02-18T14:19:00;0;0;0;0
2022-02-18T14:20:00;-0.3654;-0.3654;0.1;0.74
2022-02-18T14:21:00;0;0;0;0
2022-02-18T14:22:00;0;0;0;0
2022-02-18T14:23:00;0;0;0;0
2022-02-18T14:24:00;0;0;0;0
2022-02-18T14:25:00;0;0;0;0
2022-02-18T14:26:00;0;0;0;0
2022-02-18T14:27:00;0;0;0;0
2022-02-18T14:28:00;0;0;0;0
2022-02-18T14:29:00;0;0;0;0
2022-02-18T14:30:00;-0.4598;-0.4598;0;0.63
2022-02-18T14:31:00;0;0;0;0
2022-02-18T14:32:00;0;0;0;0
2022-02-18T14:33:00;0;0;0;0
2022-02-18T14:34:00;0;0;0;0
2022-02-18T14:35:00;0;0;0;0
2022-02-18T14:36:00;0;0;0;0
2022-02-18T14:37:00;0;0;0;0
2022-02-18T14:38:00;0;0;0;0
2022-02-18T14:39:00;0;0;0;0
2022-02-18T14:40:00;-0.551;-0.551;-0.11;0.52
2022-02-18T14:41:00;0;0;0;0
2022-02-18T14:42:00;0;0;0;0
2022-02-18T14:43:00;0;0;0;0
2022-02-18T14:44:00;0;0;0;0
2022-02-18T14:45:00;0;0;0;0
2022-02-18T14:46:00;0;0;0;0
2022-02-18T14:47:00;0;0;0;0
2022-02-18T14:48:00;0;0;0;0
2022-02-18T14:49:00;0;0;0;0
2022-02-18T14:50:00;-0.6386;-0.6386;-0.23;0.41
2022-02-18T14:51:00;0;0;0;0
2022-02-18T14:52:00;0;0;0;0
2022-02-18T14:53:00;0;0;0;0
2022-02-18T14:54:00;0;0;0;0
2022-02-18T14:55:00;0;0;0;0
2022-02-18T14:56:00;0;0;0;0
2022-02-18T14:57:00;0;0;0;0
2022-02-18T14:58:00;0;0;0;0
2022-02-18T14:59:00;0;0;0;0
2022-02-18T15:00:00;-0.7226;-0.7226;-0.34;0.29
2022-02-18T15:01:00;0;0;0;0
2022-02-18T15:02:00;0;0;0;0
2022-02-18T15:03:00;0;0;0;0
2022-02-18T15:04:00;0;0;0;0
2022-02-18T15:05:00;0;0;0;0
2022-02-18T15:06:00;0;0;0;0
2022-02-18T15:07:00;0;0;0;0
2022-02-18T15:08:00;0;0;0;0
2022-02-18T15:09:00;0;0;0;0
2022-02-18T15:10:00;-0.8028;-0.8028;-0.45;0.18
2022-02-18T15:11:00;0;0;0;0
2022-02-18T15:12:00;0;0;0;0
2022-02-18T15:13:00;0;0;0;0
2022-02-18T15:14:00;0;0;0;0
2022-02-18T15:15:00;0;0;0;0
2022-02-18T15:16:00;0;0;0;0
2022-02-18T15:17:00;0;0;0;0
2022-02-18T15:18:00;0;0;0;0
2022-02-18T15:19:00;0;0;0;0
2022-02-18T15:20:00;-0.8787;-0.8787;-0.56;0.06
2022-02-18T15:21:00;0;0;0;0
2022-02-18T15:22:00;0;0;0;0
2022-02-18T15:23:00;0;0;0;0
2022-02-18T15:24:00;0;0;0;0
2022-02-18T15:25:00;0;0;0;0
2022-02-18T15:26:00;0;0;0;0
2022-02-18T15:27:00;0;0;0;0
2022-02-18T15:28:00;0;0;0;0
2022-02-18T15:29:00;0;0;0;0
2022-02-18T15:30:00;-0.9503;-0.9503;-0.66;-0.05
2022-02-18T15:31:00;0;0;0;0
2022-02-18T15:32:00;0;0;0;0
2022-02-18T15:33:00;0;0;0;0
2022-02-18T15:34:00;0;0;0;0
2022-02-18T15:35:00;0;0;0;0
2022-02-18T15:36:00;0;0;0;0
2022-02-18T15:37:00;0;0;0;0
2022-02-18T15:38:00;0;0;0;0
2022-02-18T15:39:00;0;0;0;0
2022-02-18T15:40:00;-1.017;-1.017;-0.76;-0.17
2022-02-18T15:41:00;0;0;0;0
2022-02-18T15:42:00;0;0;0;0
2022-02-18T15:43:00;0;0;0;0
2022-02-18T15:44:00;0;0;0;0
2022-02-18T15:45:00;0;0;0;0
2022-02-18T15:46:00;0;0;0;0
2022-02-18T15:47:00;0;0;0;0
2022-02-18T15:48:00;0;0;0;0
2022-02-18T15:49:00;0;0;0;0
2022-02-18T15:50:00;-1.0787;-1.0787;-0.85;-0.29
2022-02-18T15:51:00;0;0;0;0
2022-02-18T15:52:00;0;0;0;0
2022-02-18T15:53:00;0;0;0;0
2022-02-18T15:54:00;0;0;0;0
2022-02-18T15:55:00;0;0;0;0
2022-02-18T15:56:00;0;0;0;0
2022-02-18T15:57:00;0;0;0;0
2022-02-18T15:58:00;0;0;0;0
2022-02-18T15:59:00;0;0;0;0
2022-02-18T16:00:00;-1.1353;-1.1353;-0.94;-0.41
2022-02-18T16:01:00;0;0;0;0
2022-02-18T16:02:00;0;0;0;0
2022-02-18T16:03:00;0;0;0;0
2022-02-18T16:04:00;0;0;0;0
2022-02-18T16:05:00;0;0;0;0
2022-02-18T16:06:00;0;0;0;0
2022-02-18T16:07:00;0;0;0;0
2022-02-18T16:08:00;0;0;0;0
2022-02-18T16:09:00;0;0;0;0
2022-02-18T16:10:00;-1.187;-1.187;-1.02;-0.53
2022-02-18T16:11:00;0;0;0;0
2022-02-18T16:12:00;0;0;0;0
2022-02-18T16:13:00;0;0;0;0
2022-02-18T16:14:00;0;0;0;0
2022-02-18T16:15:00;0;0;0;0
2022-02-18T16:16:00;0;0;0;0
2022-02-18T16:17:00;0;0;0;0
2022-02-18T16:18:00;0;0;0;0
2022-02-18T16:19:00;0;0;0;0
2022-02-18T16:20:00;-1.234;-1.234;-1.09;-0.65
2022-02-18T16:21:00;0;0;0;0
2022-02-18T16:22:00;0;0;0;0
2022-02-18T16:23:00;0;0;0;0
2022-02-18T16:24:00;0;0;0;0
2022-02-18T16:25:00;0;0;0;0
2022-02-18T16:26:00;0;0;0;0
2022-02-18T16:27:00;0;0;0;0
2022-02-18T16:28:00;0;0;0;0
2022-02-18T16:29:00;0;0;0;0
2022-02-18T16:30:00;-1.2766;-1.2766;-1.16;-0.77
2022-02-18T16:31:00;0;0;0;0
2022-02-18T16:32:00;0;0;0;0
2022-02-18T16:33:00;0;0;0;0
2022-02-18T16:34:00;0;0;0;0
2022-02-18T16:35:00;0;0;0;0
2022-02-18T16:36:00;0;0;0;0
2022-02-18T16:37:00;0;0;0;0
2022-02-18T16:38:00;0;0;0;0
2022-02-18T16:39:00;0;0;0;0
2022-02-18T16:40:00;-1.3152;-1.3152;-1.22;-0.89
2022-02-18T16:41:00;0;0;0;0
2022-02-18T16:42:00;0;0;0;0
2022-02-18T16:43:00;0;0;0;0
2022-02-18T16:44:00;0;0;0;0
2022-02-18T16:45:00;0;0;0;0
2022-02-18T16:46:00;0;0;0;0
2022-02-18T16:47:00;0;0;0;0
2022-02-18T16:48:00;0;0;0;0
2022-02-18T16:49:00;0;0;0;0
2022-02-18T16:50:00;-1.3494;-1.3494;-1.27;-1
2022-02-18T16:51:00;0;0;0;0
2022-02-18T16:52:00;0;0;0;0
2022-02-18T16:53:00;0;0;0;0
2022-02-18T16:54:00;0;0;0;0
2022-02-18T16:55:00;0;0;0;0
2022-02-18T16:56:00;0;0;0;0
2022-02-18T16:57:00;0;0;0;0
2022-02-18T16:58:00;0;0;0;0
2022-02-18T16:59:00;0;0;0;0
2022-02-18T17:00:00;-1.3787;-1.3787;-1.33;-1.11
2022-02-18T17:01:00;0;0;0;0
2022-02-18T17:02:00;0;0;0;0
2022-02-18T17:03:00;0;0;0;0
2022-02-18T17:04:00;0;0;0;0
2022-02-18T17:05:00;0;0;0;0
2022-02-18T17:06:00;0;0;0;0
2022-02-18T17:07:00;0;0;0;0
2022-02-18T17:08:00;0;0;0;0
2022-02-18T17:09:00;0;0;0;0
2022-02-18T17:10:00;-1.4013;-1.4013;-1.37;-1.21
2022-02-18T17:11:00;0;0;0;0
2022-02-18T17:12:00;0;0;0;0
2022-02-18T17:13:00;0;0;0;0
2022-02-18T17:14:00;0;0;0;0
2022-02-18T17:15:00;0;0;0;0
2022-02-18T17:16:00;0;0;0;0
2022-02-18T17:17:00;0;0;0;0
2022-02-18T17:18:00;0;0;0;0
2022-02-18T17:19:00;0;0;0;0
2022-02-18T17:20:00;-1.4152;-1.4152;-1.42;-1.31
2022-02-18T17:21:00;0;0;0;0
2022-02-18T17:22:00;0;0;0;0
2022-02-18T17:23:00;0;0;0;0
2022-02-18T17:24:00;0;0;0;0
2022-02-18T17:25:00;0;0;0;0
2022-02-18T17:26:00;0;0;0;0
2022-02-18T17:27:00;0;0;0;0
2022-02-18T17:28:00;0;0;0;0
2022-02-18T17:29:00;0;0;0;0
2022-02-18T17:30:00;-1.4174;-1.4174;-1.46;-1.4
2022-02-18T17:31:00;0;0;0;0
2022-02-18T17:32:00;0;0;0;0
2022-02-18T17:33:00;0;0;0;0
2022-02-18T17:34:00;0;0;0;0
2022-02-18T17:35:00;0;0;0;0
2022-02-18T17:36:00;0;0;0;0
2022-02-18T17:37:00;0;0;0;0
2022-02-18T17:38:00;0;0;0;0
2022-02-18T17:39:00;0;0;0;0
2022-02-18T17:40:00;-1.4046;-1.4046;-1.49;-1.49
2022-02-18T17:41:00;0;0;0;0
2022-02-18T17:42:00;0;0;0;0
2022-02-18T17:43:00;0;0;0;0
2022-02-18T17:44:00;0;0;0;0
2022-02-18T17:45:00;0;0;0;0
2022-02-18T17:46:00;0;0;0;0
2022-02-18T17:47:00;0;0;0;0
2022-02-18T17:48:00;0;0;0;0
2022-02-18T17:49:00;0;0;0;0
2022-02-18T17:50:00;-1.3738;-1.3738;-1.51;-1.58
2022-02-18T17:51:00;0;0;0;0
2022-02-18T17:52:00;0;0;0;0
2022-02-18T17:53:00;0;0;0;0
2022-02-18T17:54:00;0;0;0;0
2022-02-18T17:55:00;0;0;0;0
2022-02-18T17:56:00;0;0;0;0
2022-02-18T17:57:00;0;0;0;0
2022-02-18T17:58:00;0;0;0;0
2022-02-18T17:59:00;0;0;0;0
2022-02-18T18:00:00;-1.3225;-1.3225;-1.52;-1.65
2022-02-18T18:01:00;0;0;0;0
2022-02-18T18:02:00;0;0;0;0
2022-02-18T18:03:00;0;0;0;0
2022-02-18T18:04:00;0;0;0;0
2022-02-18T18:05:00;0;0;0;0
2022-02-18T18:06:00;0;0;0;0
2022-02-18T18:07:00;0;0;0;0
2022-02-18T18:08:00;0;0;0;0
2022-02-18T18:09:00;0;0;0;0
2022-02-18T18:10:00;-1.2493;-1.2493;-1.51;-1.72
2022-02-18T18:11:00;0;0;0;0
2022-02-18T18:12:00;0;0;0;0
2022-02-18T18:13:00;0;0;0;0
2022-02-18T18:14:00;0;0;0;0
2022-02-18T18:15:00;0;0;0;0
2022-02-18T18:16:00;0;0;0;0
2022-02-18T18:17:00;0;0;0;0
2022-02-18T18:18:00;0;0;0;0
2022-02-18T18:19:00;0;0;0;0
2022-02-18T18:20:00;-1.1543;-1.1543;-1.47;-1.77
2022-02-18T18:21:00;0;0;0;0
2022-02-18T18:22:00;0;0;0;0
2022-02-18T18:23:00;0;0;0;0
2022-02-18T18:24:00;0;0;0;0
2022-02-18T18:25:00;0;0;0;0
2022-02-18T18:26:00;0;0;0;0
2022-02-18T18:27:00;0;0;0;0
2022-02-18T18:28:00;0;0;0;0
2022-02-18T18:29:00;0;0;0;0
2022-02-18T18:30:00;-1.0394;-1.0394;-1.41;-1.79
2022-02-18T18:31:00;0;0;0;0
2022-02-18T18:32:00;0;0;0;0
2022-02-18T18:33:00;0;0;0;0
2022-02-18T18:34:00;0;0;0;0
2022-02-18T18:35:00;0;0;0;0
2022-02-18T18:36:00;0;0;0;0
2022-02-18T18:37:00;0;0;0;0
2022-02-18T18:38:00;0;0;0;0
2022-02-18T18:39:00;0;0;0;0
2022-02-18T18:40:00;-0.908;-0.908;-1.32;-1.79
2022-02-18T18:41:00;0;0;0;0
2022-02-18T18:42:00;0;0;0;0
2022-02-18T18:43:00;0;0;0;0
2022-02-18T18:44:00;0;0;0;0
2022-02-18T18:45:00;0;0;0;0
2022-02-18T18:46:00;0;0;0;0
2022-02-18T18:47:00;0;0;0;0
2022-02-18T18:48:00;0;0;0;0
2022-02-18T18:49:00;0;0;0;0
2022-02-18T18:50:00;-0.765;-0.765;-1.2;-1.76
2022-02-18T18:51:00;0;0;0;0
2022-02-18T18:52:00;0;0;0;0
2022-02-18T18:53:00;0;0;0;0
2022-02-18T18:54:00;0;0;0;0
2022-02-18T18:55:00;0;0;0;0
2022-02-18T18:56:00;0;0;0;0
2022-02-18T18:57:00;0;0;0;0
2022-02-18T18:58:00;0;0;0;0
2022-02-18T18:59:00;0;0;0;0
2022-02-18T19:00:00;-0.6161;-0.6161;-1.07;-1.7
2022-02-18T19:01:00;0;0;0;0
2022-02-18T19:02:00;0;0;0;0
2022-02-18T19:03:00;0;0;0;0
2022-02-18T19:04:00;0;0;0;0
2022-02-18T19:05:00;0;0;0;0
2022-02-18T19:06:00;0;0;0;0
2022-02-18T19:07:00;0;0;0;0
2022-02-18T19:08:00;0;0;0;0
2022-02-18T19:09:00;0;0;0;0
2022-02-18T19:10:00;-0.4669;-0.4669;-0.91;-1.6
2022-02-18T19:11:00;0;0;0;0
2022-02-18T19:12:00;0;0;0;0
2022-02-18T19:13:00;0;0;0;0
2022-02-18T19:14:00;0;0;0;0
2022-02-18T19:15:00;0;0;0;0
2022-02-18T19:16:00;0;0;0;0
2022-02-18T19:17:00;0;0;0;0
2022-02-18T19:18:00;0;0;0;0
2022-02-18T19:19:00;0;0;0;0
2022-02-18T19:20:00;-0.3229;-0.3229;-0.74;-1.46
2022-02-18T19:21:00;0;0;0;0
2022-02-18T19:22:00;0;0;0;0
2022-02-18T19:23:00;0;0;0;0
2022-02-18T19:24:00;0;0;0;0
2022-02-18T19:25:00;0;0;0;0
2022-02-18T19:26:00;0;0;0;0
2022-02-18T19:27:00;0;0;0;0
2022-02-18T19:28:00;0;0;0;0
2022-02-18T19:29:00;0;0;0;0
2022-02-18T19:30:00;-0.1883;-0.1883;-0.57;-1.3
2022-02-18T19:31:00;0;0;0;0
2022-02-18T19:32:00;0;0;0;0
2022-02-18T19:33:00;0;0;0;0
2022-02-18T19:34:00;0;0;0;0
2022-02-18T19:35:00;0;0;0;0
2022-02-18T19:36:00;0;0;0;0
2022-02-18T19:37:00;0;0;0;0
2022-02-18T19:38:00;0;0;0;0
2022-02-18T19:39:00;0;0;0;0
2022-02-18T19:40:00;-0.0656;-0.0656;-0.39;-1.11
2022-02-18T19:41:00;0;0;0;0
2022-02-18T19:42:00;0;0;0;0
2022-02-18T19:43:00;0;0;0;0
2022-02-18T19:44:00;0;0;0;0
2022-02-18T19:45:00;0;0;0;0
2022-02-18T19:46:00;0;0;0;0
2022-02-18T19:47:00;0;0;0;0
2022-02-18T19:48:00;0;0;0;0
2022-02-18T19:49:00;0;0;0;0
2022-02-18T19:50:00;0.044;0.044;-0.22;-0.91
2022-02-18T19:51:00;0;0;0;0
2022-02-18T19:52:00;0;0;0;0
2022-02-18T19:53:00;0;0;0;0
2022-02-18T19:54:00;0;0;0;0
2022-02-18T19:55:00;0;0;0;0
2022-02-18T19:56:00;0;0;0;0
2022-02-18T19:57:00;0;0;0;0
2022-02-18T19:58:00;0;0;0;0
2022-02-18T19:59:00;0;0;0;0
2022-02-18T20:00:00;0.1413;0.1413;-0.06;-0.7
2022-02-18T20:01:00;0;0;0;0
2022-02-18T20:02:00;0;0;0;0
2022-02-18T20:03:00;0;0;0;0
2022-02-18T20:04:00;0;0;0;0
2022-02-18T20:05:00;0;0;0;0
2022-02-18T20:06:00;0;0;0;0
2022-02-18T20:07:00;0;0;0;0
2022-02-18T20:08:00;0;0;0;0
2022-02-18T20:09:00;0;0;0;0
2022-02-18T20:10:00;0.2279;0.2279;0.07;-0.49
2022-02-18T20:11:00;0;0;0;0
2022-02-18T20:12:00;0;0;0;0
2022-02-18T20:13:00;0;0;0;0
2022-02-18T20:14:00;0;0;0;0
2022-02-18T20:15:00;0;0;0;0
2022-02-18T20:16:00;0;0;0;0
2022-02-18T20:17:00;0;0;0;0
2022-02-18T20:18:00;0;0;0;0
2022-02-18T20:19:00;0;0;0;0
2022-02-18T20:20:00;0.3066;0.3066;0.21;-0.29
2022-02-18T20:21:00;0;0;0;0
2022-02-18T20:22:00;0;0;0;0
2022-02-18T20:23:00;0;0;0;0
2022-02-18T20:24:00;0;0;0;0
2022-02-18T20:25:00;0;0;0;0
2022-02-18T20:26:00;0;0;0;0
2022-02-18T20:27:00;0;0;0;0
2022-02-18T20:28:00;0;0;0;0
2022-02-18T20:29:00;0;0;0;0
2022-02-18T20:30:00;0.3801;0.3801;0.33;-0.09
2022-02-18T20:31:00;0;0;0;0
2022-02-18T20:32:00;0;0;0;0
2022-02-18T20:33:00;0;0;0;0
2022-02-18T20:34:00;0;0;0;0
2022-02-18T20:35:00;0;0;0;0
2022-02-18T20:36:00;0;0;0;0
2022-02-18T20:37:00;0;0;0;0
2022-02-18T20:38:00;0;0;0;0
2022-02-18T20:39:00;0;0;0;0
2022-02-18T20:40:00;0.4509;0.4509;0.45;0.08
2022-02-18T20:41:00;0;0;0;0
2022-02-18T20:42:00;0;0;0;0
2022-02-18T20:43:00;0;0;0;0
2022-02-18T20:44:00;0;0;0;0
2022-02-18T20:45:00;0;0;0;0
2022-02-18T20:46:00;0;0;0;0
2022-02-18T20:47:00;0;0;0;0
2022-02-18T20:48:00;0;0;0;0
2022-02-18T20:49:00;0;0;0;0
2022-02-18T20:50:00;0.5208;0.5208;0.56;0.24
2022-02-18T20:51:00;0;0;0;0
2022-02-18T20:52:00;0;0;0;0
2022-02-18T20:53:00;0;0;0;0
2022-02-18T20:54:00;0;0;0;0
2022-02-18T20:55:00;0;0;0;0
2022-02-18T20:56:00;0;0;0;0
2022-02-18T20:57:00;0;0;0;0
2022-02-18T20:58:00;0;0;0;0
2022-02-18T20:59:00;0;0;0;0
2022-02-18T21:00:00;0.5907;0.5907;0.66;0.39
2022-02-18T21:01:00;0;0;0;0
2022-02-18T21:02:00;0;0;0;0
2022-02-18T21:03:00;0;0;0;0
2022-02-18T21:04:00;0;0;0;0
2022-02-18T21:05:00;0;0;0;0
2022-02-18T21:06:00;0;0;0;0
2022-02-18T21:07:00;0;0;0;0
2022-02-18T21:08:00;0;0;0;0
2022-02-18T21:09:00;0;0;0;0
2022-02-18T21:10:00;0.6603;0.6603;0.75;0.54
2022-02-18T21:11:00;0;0;0;0
2022-02-18T21:12:00;0;0;0;0
2022-02-18T21:13:00;0;0;0;0
2022-02-18T21:14:00;0;0;0;0
2022-02-18T21:15:00;0;0;0;0
2022-02-18T21:16:00;0;0;0;0
2022-02-18T21:17:00;0;0;0;0
2022-02-18T21:18:00;0;0;0;0
2022-02-18T21:19:00;0;0;0;0
2022-02-18T21:20:00;0.729;0.729;0.85;0.67
2022-02-18T21:21:00;0;0;0;0
2022-02-18T21:22:00;0;0;0;0
2022-02-18T21:23:00;0;0;0;0
2022-02-18T21:24:00;0;0;0;0
2022-02-18T21:25:00;0;0;0;0
2022-02-18T21:26:00;0;0;0;0
2022-02-18T21:27:00;0;0;0;0
2022-02-18T21:28:00;0;0;0;0
2022-02-18T21:29:00;0;0;0;0
2022-02-18T21:30:00;0.7955;0.7955;0.93;0.79
2022-02-18T21:31:00;0;0;0;0
2022-02-18T21:32:00;0;0;0;0
2022-02-18T21:33:00;0;0;0;0
2022-02-18T21:34:00;0;0;0;0
2022-02-18T21:35:00;0;0;0;0
2022-02-18T21:36:00;0;0;0;0
2022-02-18T21:37:00;0;0;0;0
2022-02-18T21:38:00;0;0;0;0
2022-02-18T21:39:00;0;0;0;0
2022-02-18T21:40:00;0.8583;0.8583;1.01;0.9
2022-02-18T21:41:00;0;0;0;0
2022-02-18T21:42:00;0;0;0;0
2022-02-18T21:43:00;0;0;0;0
2022-02-18T21:44:00;0;0;0;0
2022-02-18T21:45:00;0;0;0;0
2022-02-18T21:46:00;0;0;0;0
2022-02-18T21:47:00;0;0;0;0
2022-02-18T21:48:00;0;0;0;0
2022-02-18T21:49:00;0;0;0;0
2022-02-18T21:50:00;0.9161;0.9161;1.09;1.01
2022-02-18T21:51:00;0;0;0;0
2022-02-18T21:52:00;0;0;0;0
2022-02-18T21:53:00;0;0;0;0
2022-02-18T21:54:00;0;0;0;0
2022-02-18T21:55:00;0;0;0;0
2022-02-18T21:56:00;0;0;0;0
2022-02-18T21:57:00;0;0;0;0
2022-02-18T21:58:00;0;0;0;0
2022-02-18T21:59:00;0;0;0;0
2022-02-18T22:00:00;0.968;0.968;1.15;1.1
2022-02-18T22:01:00;0;0;0;0
2022-02-18T22:02:00;0;0;0;0
2022-02-18T22:03:00;0;0;0;0
2022-02-18T22:04:00;0;0;0;0
2022-02-18T22:05:00;0;0;0;0
2022-02-18T22:06:00;0;0;0;0
2022-02-18T22:07:00;0;0;0;0
2022-02-18T22:08:00;0;0;0;0
2022-02-18T22:09:00;0;0;0;0
2022-02-18T22:10:00;1.0137;1.0137;1.21;1.19
2022-02-18T22:11:00;0;0;0;0
2022-02-18T22:12:00;0;0;0;0
2022-02-18T22:13:00;0;0;0;0
2022-02-18T22:14:00;0;0;0;0
2022-02-18T22:15:00;0;0;0;0
2022-02-18T22:16:00;0;0;0;0
2022-02-18T22:17:00;0;0;0;0
2022-02-18T22:18:00;0;0;0;0
2022-02-18T22:19:00;0;0;0;0
2022-02-18T22:20:00;1.053;1.053;1.26;1.26
2022-02-18T22:21:00;0;0;0;0
2022-02-18T22:22:00;0;0;0;0
2022-02-18T22:23:00;0;0;0;0
2022-02-18T22:24:00;0;0;0;0
2022-02-18T22:25:00;0;0;0;0
2022-02-18T22:26:00;0;0;0;0
2022-02-18T22:27:00;0;0;0;0
2022-02-18T22:28:00;0;0;0;0
2022-02-18T22:29:00;0;0;0;0
2022-02-18T22:30:00;1.0864;1.0864;1.3;1.32
2022-02-18T22:31:00;0;0;0;0
2022-02-18T22:32:00;0;0;0;0
2022-02-18T22:33:00;0;0;0;0
2022-02-18T22:34:00;0;0;0;0
2022-02-18T22:35:00;0;0;0;0
2022-02-18T22:36:00;0;0;0;0
2022-02-18T22:37:00;0;0;0;0
2022-02-18T22:38:00;0;0;0;0
2022-02-18T22:39:00;0;0;0;0
2022-02-18T22:40:00;1.114;1.114;1.34;1.37
2022-02-18T22:41:00;0;0;0;0
2022-02-18T22:42:00;0;0;0;0
2022-02-18T22:43:00;0;0;0;0
2022-02-18T22:44:00;0;0;0;0
2022-02-18T22:45:00;0;0;0;0
2022-02-18T22:46:00;0;0;0;0
2022-02-18T22:47:00;0;0;0;0
2022-02-18T22:48:00;0;0;0;0
2022-02-18T22:49:00;0;0;0;0
2022-02-18T22:50:00;1.1363;1.1363;1.37;1.41
2022-02-18T22:51:00;0;0;0;0
2022-02-18T22:52:00;0;0;0;0
2022-02-18T22:53:00;0;0;0;0
2022-02-18T22:54:00;0;0;0;0
2022-02-18T22:55:00;0;0;0;0
2022-02-18T22:56:00;0;0;0;0
2022-02-18T22:57:00;0;0;0;0
2022-02-18T22:58:00;0;0;0;0
2022-02-18T22:59:00;0;0;0;0
2022-02-18T23:00:00;1.1532;1.1532;1.39;1.45
2022-02-18T23:01:00;0;0;0;0
2022-02-18T23:02:00;0;0;0;0
2022-02-18T23:03:00;0;0;0;0
2022-02-18T23:04:00;0;0;0;0
2022-02-18T23:05:00;0;0;0;0
2022-02-18T23:06:00;0;0;0;0
2022-02-18T23:07:00;0;0;0;0
2022-02-18T23:08:00;0;0;0;0
2022-02-18T23:09:00;0;0;0;0
2022-02-18T23:10:00;1.1645;1.1645;1.41;1.48
2022-02-18T23:11:00;0;0;0;0
2022-02-18T23:12:00;0;0;0;0
2022-02-18T23:13:00;0;0;0;0
2022-02-18T23:14:00;0;0;0;0
2022-02-18T23:15:00;0;0;0;0
2022-02-18T23:16:00;0;0;0;0
2022-02-18T23:17:00;0;0;0;0
2022-02-18T23:18:00;0;0;0;0
2022-02-18T23:19:00;0;0;0;0
2022-02-18T23:20:00;1.1696;1.1696;1.43;1.51
2022-02-18T23:21:00;0;0;0;0
2022-02-18T23:22:00;0;0;0;0
2022-02-18T23:23:00;0;0;0;0
2022-02-18T23:24:00;0;0;0;0
2022-02-18T23:25:00;0;0;0;0
2022-02-18T23:26:00;0;0;0;0
2022-02-18T23:27:00;0;0;0;0
2022-02-18T23:28:00;0;0;0;0
2022-02-18T23:29:00;0;0;0;0
2022-02-18T23:30:00;1.1677;1.1677;1.44;1.54
2022-02-18T23:31:00;0;0;0;0
2022-02-18T23:32:00;0;0;0;0
2022-02-18T23:33:00;0;0;0;0
2022-02-18T23:34:00;0;0;0;0
2022-02-18T23:35:00;0;0;0;0
2022-02-18T23:36:00;0;0;0;0
2022-02-18T23:37:00;0;0;0;0
2022-02-18T23:38:00;0;0;0;0
2022-02-18T23:39:00;0;0;0;0
2022-02-18T23:40:00;1.158;1.158;1.45;1.57
2022-02-18T23:41:00;0;0;0;0
2022-02-18T23:42:00;0;0;0;0
2022-02-18T23:43:00;0;0;0;0
2022-02-18T23:44:00;0;0;0;0
2022-02-18T23:45:00;0;0;0;0
2022-02-18T23:46:00;0;0;0;0
2022-02-18T23:47:00;0;0;0;0
2022-02-18T23:48:00;0;0;0;0
2022-02-18T23:49:00;0;0;0;0
2022-02-18T23:50:00;1.1396;1.1396;1.45;1.6
2022-02-18T23:51:00;0;0;0;0
2022-02-18T23:52:00;0;0;0;0
2022-02-18T23:53:00;0;0;0;0
2022-02-18T23:54:00;0;0;0;0
2022-02-18T23:55:00;0;0;0;0
2022-02-18T23:56:00;0;0;0;0
2022-02-18T23:57:00;0;0;0;0
2022-02-18T23:58:00;0;0;0;0
2022-02-18T23:59:00;0;0;0;0
2022-02-19T00:00:00;1.1112;1.1112;1.43;1.62
2022-02-19T00:01:00;0;0;0;0
2022-02-19T00:02:00;0;0;0;0
2022-02-19T00:03:00;0;0;0;0
2022-02-19T00:04:00;0;0;0;0
2022-02-19T00:05:00;0;0;0;0
2022-02-19T00:06:00;0;0;0;0
2022-02-19T00:07:00;0;0;0;0
2022-02-19T00:08:00;0;0;0;0
2022-02-19T00:09:00;0;0;0;0
2022-02-19T00:10:00;1.074;1.074;1.41;1.64
2022-02-19T00:11:00;0;0;0;0
2022-02-19T00:12:00;0;0;0;0
2022-02-19T00:13:00;0;0;0;0
2022-02-19T00:14:00;0;0;0;0
2022-02-19T00:15:00;0;0;0;0
2022-02-19T00:16:00;0;0;0;0
2022-02-19T00:17:00;0;0;0;0
2022-02-19T00:18:00;0;0;0;0
2022-02-19T00:19:00;0;0;0;0
2022-02-19T00:20:00;1.027;1.027;1.38;1.66
2022-02-19T00:21:00;0;0;0;0
2022-02-19T00:22:00;0;0;0;0
2022-02-19T00:23:00;0;0;0;0
2022-02-19T00:24:00;0;0;0;0
2022-02-19T00:25:00;0;0;0;0
2022-02-19T00:26:00;0;0;0;0
2022-02-19T00:27:00;0;0;0;0
2022-02-19T00:28:00;0;0;0;0
2022-02-19T00:29:00;0;0;0;0
2022-02-19T00:30:00;0.9703;0.9703;1.34;1.66
2022-02-19T00:31:00;0;0;0;0
2022-02-19T00:32:00;0;0;0;0
2022-02-19T00:33:00;0;0;0;0
2022-02-19T00:34:00;0;0;0;0
2022-02-19T00:35:00;0;0;0;0
2022-02-19T00:36:00;0;0;0;0
2022-02-19T00:37:00;0;0;0;0
2022-02-19T00:38:00;0;0;0;0
2022-02-19T00:39:00;0;0;0;0
2022-02-19T00:40:00;0.9045;0.9045;1.29;1.65
2022-02-19T00:41:00;0;0;0;0
2022-02-19T00:42:00;0;0;0;0
2022-02-19T00:43:00;0;0;0;0
2022-02-19T00:44:00;0;0;0;0
2022-02-19T00:45:00;0;0;0;0
2022-02-19T00:46:00;0;0;0;0
2022-02-19T00:47:00;0;0;0;0
2022-02-19T00:48:00;0;0;0;0
2022-02-19T00:49:00;0;0;0;0
2022-02-19T00:50:00;0.8299;0.8299;1.23;1.63
2022-02-19T00:51:00;0;0;0;0
2022-02-19T00:52:00;0;0;0;0
2022-02-19T00:53:00;0;0;0;0
2022-02-19T00:54:00;0;0;0;0
2022-02-19T00:55:00;0;0;0;0
2022-02-19T00:56:00;0;0;0;0
2022-02-19T00:57:00;0;0;0;0
2022-02-19T00:58:00;0;0;0;0
2022-02-19T00:59:00;0;0;0;0
2022-02-19T01:00:00;0.7473;0.7473;1.16;1.6
2022-02-19T01:01:00;0;0;0;0
2022-02-19T01:02:00;0;0;0;0
2022-02-19T01:03:00;0;0;0;0
2022-02-19T01:04:00;0;0;0;0
2022-02-19T01:05:00;0;0;0;0
2022-02-19T01:06:00;0;0;0;0
2022-02-19T01:07:00;0;0;0;0
2022-02-19T01:08:00;0;0;0;0
2022-02-19T01:09:00;0;0;0;0
2022-02-19T01:10:00;0.6575;0.6575;1.08;1.56
2022-02-19T01:11:00;0;0;0;0
2022-02-19T01:12:00;0;0;0;0
2022-02-19T01:13:00;0;0;0;0
2022-02-19T01:14:00;0;0;0;0
2022-02-19T01:15:00;0;0;0;0
2022-02-19T01:16:00;0;0;0;0
2022-02-19T01:17:00;0;0;0;0
2022-02-19T01:18:00;0;0;0;0
2022-02-19T01:19:00;0;0;0;0
2022-02-19T01:20:00;0.5615;0.5615;1;1.51
2022-02-19T01:21:00;0;0;0;0
2022-02-19T01:22:00;0;0;0;0
2022-02-19T01:23:00;0;0;0;0
2022-02-19T01:24:00;0;0;0;0
2022-02-19T01:25:00;0;0;0;0
2022-02-19T01:26:00;0;0;0;0
2022-02-19T01:27:00;0;0;0;0
2022-02-19T01:28:00;0;0;0;0
2022-02-19T01:29:00;0;0;0;0
2022-02-19T01:30:00;0.4603;0.4603;0.91;1.45
2022-02-19T01:31:00;0;0;0;0
2022-02-19T01:32:00;0;0;0;0
2022-02-19T01:33:00;0;0;0;0
2022-02-19T01:34:00;0;0;0;0
2022-02-19T01:35:00;0;0;0;0
2022-02-19T01:36:00;0;0;0;0
2022-02-19T01:37:00;0;0;0;0
2022-02-19T01:38:00;0;0;0;0
2022-02-19T01:39:00;0;0;0;0
2022-02-19T01:40:00;0.3551;0.3551;0.81;1.38
2022-02-19T01:41:00;0;0;0;0
2022-02-19T01:42:00;0;0;0;0
2022-02-19T01:43:00;0;0;0;0
2022-02-19T01:44:00;0;0;0;0
2022-02-19T01:45:00;0;0;0;0
2022-02-19T01:46:00;0;0;0;0
2022-02-19T01:47:00;0;0;0;0
2022-02-19T01:48:00;0;0;0;0
2022-02-19T01:49:00;0;0;0;0
2022-02-19T01:50:00;0.2475;0.2475;0.71;1.3
2022-02-19T01:51:00;0;0;0;0
2022-02-19T01:52:00;0;0;0;0
2022-02-19T01:53:00;0;0;0;0
2022-02-19T01:54:00;0;0;0;0
2022-02-19T01:55:00;0;0;0;0
2022-02-19T01:56:00;0;0;0;0
2022-02-19T01:57:00;0;0;0;0
2022-02-19T01:58:00;0;0;0;0
2022-02-19T01:59:00;0;0;0;0
2022-02-19T02:00:00;0.1386;0.1386;0.61;1.22
2022-02-19T02:01:00;0;0;0;0
2022-02-19T02:02:00;0;0;0;0
2022-02-19T02:03:00;0;0;0;0
2022-02-19T02:04:00;0;0;0;0
2022-02-19T02:05:00;0;0;0;0
2022-02-19T02:06:00;0;0;0;0
2022-02-19T02:07:00;0;0;0;0
2022-02-19T02:08:00;0;0;0;0
2022-02-19T02:09:00;0;0;0;0
2022-02-19T02:10:00;0.03;0.03;0.5;1.13
2022-02-19T02:11:00;0;0;0;0
2022-02-19T02:12:00;0;0;0;0
2022-02-19T02:13:00;0;0;0;0
2022-02-19T02:14:00;0;0;0;0
2022-02-19T02:15:00;0;0;0;0
2022-02-19T02:16:00;0;0;0;0
2022-02-19T02:17:00;0;0;0;0
2022-02-19T02:18:00;0;0;0;0
2022-02-19T02:19:00;0;0;0;0
2022-02-19T02:20:00;-0.077;-0.077;0.39;1.03
2022-02-19T02:21:00;0;0;0;0
2022-02-19T02:22:00;0;0;0;0
2022-02-19T02:23:00;0;0;0;0
2022-02-19T02:24:00;0;0;0;0
2022-02-19T02:25:00;0;0;0;0
2022-02-19T02:26:00;0;0;0;0
2022-02-19T02:27:00;0;0;0;0
2022-02-19T02:28:00;0;0;0;0
2022-02-19T02:29:00;0;0;0;0
2022-02-19T02:30:00;-0.1814;-0.1814;0.27;0.92
2022-02-19T02:31:00;0;0;0;0
2022-02-19T02:32:00;0;0;0;0
2022-02-19T02:33:00;0;0;0;0
2022-02-19T02:34:00;0;0;0;0
2022-02-19T02:35:00;0;0;0;0
2022-02-19T02:36:00;0;0;0;0
2022-02-19T02:37:00;0;0;0;0
2022-02-19T02:38:00;0;0;0;0
2022-02-19T02:39:00;0;0;0;0
2022-02-19T02:40:00;-0.2824;-0.2824;0.15;0.82
2022-02-19T02:41:00;0;0;0;0
2022-02-19T02:42:00;0;0;0;0
2022-02-19T02:43:00;0;0;0;0
2022-02-19T02:44:00;0;0;0;0
2022-02-19T02:45:00;0;0;0;0
2022-02-19T02:46:00;0;0;0;0
2022-02-19T02:47:00;0;0;0;0
2022-02-19T02:48:00;0;0;0;0
2022-02-19T02:49:00;0;0;0;0
2022-02-19T02:50:00;-0.3794;-0.3794;0.04;0.7
2022-02-19T02:51:00;0;0;0;0
2022-02-19T02:52:00;0;0;0;0
2022-02-19T02:53:00;0;0;0;0
2022-02-19T02:54:00;0;0;0;0
2022-02-19T02:55:00;0;0;0;0
2022-02-19T02:56:00;0;0;0;0
2022-02-19T02:57:00;0;0;0;0
2022-02-19T02:58:00;0;0;0;0
2022-02-19T02:59:00;0;0;0;0
2022-02-19T03:00:00;-0.4723;-0.4723;-0.07;0.59
2022-02-19T03:01:00;0;0;0;0
2022-02-19T03:02:00;0;0;0;0
2022-02-19T03:03:00;0;0;0;0
2022-02-19T03:04:00;0;0;0;0
2022-02-19T03:05:00;0;0;0;0
2022-02-19T03:06:00;0;0;0;0
2022-02-19T03:07:00;0;0;0;0
2022-02-19T03:08:00;0;0;0;0
2022-02-19T03:09:00;0;0;0;0
2022-02-19T03:10:00;-0.5609;-0.5609;-0.19;0.47
2022-02-19T03:11:00;0;0;0;0
2022-02-19T03:12:00;0;0;0;0
2022-02-19T03:13:00;0;0;0;0
2022-02-19T03:14:00;0;0;0;0
2022-02-19T03:15:00;0;0;0;0
2022-02-19T03:16:00;0;0;0;0
2022-02-19T03:17:00;0;0;0;0
2022-02-19T03:18:00;0;0;0;0
2022-02-19T03:19:00;0;0;0;0
2022-02-19T03:20:00;-0.6453;-0.6453;-0.31;0.35
2022-02-19T03:21:00;0;0;0;0
2022-02-19T03:22:00;0;0;0;0
2022-02-19T03:23:00;0;0;0;0
2022-02-19T03:24:00;0;0;0;0
2022-02-19T03:25:00;0;0;0;0
2022-02-19T03:26:00;0;0;0;0
2022-02-19T03:27:00;0;0;0;0
2022-02-19T03:28:00;0;0;0;0
2022-02-19T03:29:00;0;0;0;0
2022-02-19T03:30:00;-0.7258;-0.7258;-0.42;0.23
2022-02-19T03:31:00;0;0;0;0
2022-02-19T03:32:00;0;0;0;0
2022-02-19T03:33:00;0;0;0;0
2022-02-19T03:34:00;0;0;0;0
2022-02-19T03:35:00;0;0;0;0
2022-02-19T03:36:00;0;0;0;0
2022-02-19T03:37:00;0;0;0;0
2022-02-19T03:38:00;0;0;0;0
2022-02-19T03:39:00;0;0;0;0
2022-02-19T03:40:00;-0.8022;-0.8022;-0.54;0.11
2022-02-19T03:41:00;0;0;0;0
2022-02-19T03:42:00;0;0;0;0
2022-02-19T03:43:00;0;0;0;0
2022-02-19T03:44:00;0;0;0;0
2022-02-19T03:45:00;0;0;0;0
2022-02-19T03:46:00;0;0;0;0
2022-02-19T03:47:00;0;0;0;0
2022-02-19T03:48:00;0;0;0;0
2022-02-19T03:49:00;0;0;0;0
2022-02-19T03:50:00;-0.8747;-0.8747;-0.65;0
2022-02-19T03:51:00;0;0;0;0
2022-02-19T03:52:00;0;0;0;0
2022-02-19T03:53:00;0;0;0;0
2022-02-19T03:54:00;0;0;0;0
2022-02-19T03:55:00;0;0;0;0
2022-02-19T03:56:00;0;0;0;0
2022-02-19T03:57:00;0;0;0;0
2022-02-19T03:58:00;0;0;0;0
2022-02-19T03:59:00;0;0;0;0
2022-02-19T04:00:00;-0.9431;-0.9431;-0.75;-0.12
2022-02-19T04:01:00;0;0;0;0
2022-02-19T04:02:00;0;0;0;0
2022-02-19T04:03:00;0;0;0;0
2022-02-19T04:04:00;0;0;0;0
2022-02-19T04:05:00;0;0;0;0
2022-02-19T04:06:00;0;0;0;0
2022-02-19T04:07:00;0;0;0;0
2022-02-19T04:08:00;0;0;0;0
2022-02-19T04:09:00;0;0;0;0
2022-02-19T04:10:00;-1.0075;-1.0075;-0.86;-0.24
2022-02-19T04:11:00;0;0;0;0
2022-02-19T04:12:00;0;0;0;0
2022-02-19T04:13:00;0;0;0;0
2022-02-19T04:14:00;0;0;0;0
2022-02-19T04:15:00;0;0;0;0
2022-02-19T04:16:00;0;0;0;0
2022-02-19T04:17:00;0;0;0;0
2022-02-19T04:18:00;0;0;0;0
2022-02-19T04:19:00;0;0;0;0
2022-02-19T04:20:00;-1.068;-1.068;-0.95;-0.37
2022-02-19T04:21:00;0;0;0;0
2022-02-19T04:22:00;0;0;0;0
2022-02-19T04:23:00;0;0;0;0
2022-02-19T04:24:00;0;0;0;0
2022-02-19T04:25:00;0;0;0;0
2022-02-19T04:26:00;0;0;0;0
2022-02-19T04:27:00;0;0;0;0
2022-02-19T04:28:00;0;0;0;0
2022-02-19T04:29:00;0;0;0;0
2022-02-19T04:30:00;-1.1247;-1.1247;-1.04;-0.49
2022-02-19T04:31:00;0;0;0;0
2022-02-19T04:32:00;0;0;0;0
2022-02-19T04:33:00;0;0;0;0
2022-02-19T04:34:00;0;0;0;0
2022-02-19T04:35:00;0;0;0;0
2022-02-19T04:36:00;0;0;0;0
2022-02-19T04:37:00;0;0;0;0
2022-02-19T04:38:00;0;0;0;0
2022-02-19T04:39:00;0;0;0;0
2022-02-19T04:40:00;-1.1777;-1.1777;-1.12;-0.62
2022-02-19T04:41:00;0;0;0;0
2022-02-19T04:42:00;0;0;0;0
2022-02-19T04:43:00;0;0;0;0
2022-02-19T04:44:00;0;0;0;0
2022-02-19T04:45:00;0;0;0;0
2022-02-19T04:46:00;0;0;0;0
2022-02-19T04:47:00;0;0;0;0
2022-02-19T04:48:00;0;0;0;0
2022-02-19T04:49:00;0;0;0;0
2022-02-19T04:50:00;-1.2274;-1.2274;-1.19;-0.74
2022-02-19T04:51:00;0;0;0;0
2022-02-19T04:52:00;0;0;0;0
2022-02-19T04:53:00;0;0;0;0
2022-02-19T04:54:00;0;0;0;0
2022-02-19T04:55:00;0;0;0;0
2022-02-19T04:56:00;0;0;0;0
2022-02-19T04:57:00;0;0;0;0
2022-02-19T04:58:00;0;0;0;0
2022-02-19T04:59:00;0;0;0;0
2022-02-19T05:00:00;-1.2738;-1.2738;-1.26;-0.86
2022-02-19T05:01:00;0;0;0;0
2022-02-19T05:02:00;0;0;0;0
2022-02-19T05:03:00;0;0;0;0
2022-02-19T05:04:00;0;0;0;0
2022-02-19T05:05:00;0;0;0;0
2022-02-19T05:06:00;0;0;0;0
2022-02-19T05:07:00;0;0;0;0
2022-02-19T05:08:00;0;0;0;0
2022-02-19T05:09:00;0;0;0;0
2022-02-19T05:10:00;-1.3166;-1.3166;-1.32;-0.98
2022-02-19T05:11:00;0;0;0;0
2022-02-19T05:12:00;0;0;0;0
2022-02-19T05:13:00;0;0;0;0
2022-02-19T05:14:00;0;0;0;0
2022-02-19T05:15:00;0;0;0;0
2022-02-19T05:16:00;0;0;0;0
2022-02-19T05:17:00;0;0;0;0
2022-02-19T05:18:00;0;0;0;0
2022-02-19T05:19:00;0;0;0;0
2022-02-19T05:20:00;-1.3547;-1.3547;-1.38;-1.1
2022-02-19T05:21:00;0;0;0;0
2022-02-19T05:22:00;0;0;0;0
2022-02-19T05:23:00;0;0;0;0
2022-02-19T05:24:00;0;0;0;0
2022-02-19T05:25:00;0;0;0;0
2022-02-19T05:26:00;0;0;0;0
2022-02-19T05:27:00;0;0;0;0
2022-02-19T05:28:00;0;0;0;0
2022-02-19T05:29:00;0;0;0;0
2022-02-19T05:30:00;-1.3865;-1.3865;-1.44;-1.21
2022-02-19T05:31:00;0;0;0;0
2022-02-19T05:32:00;0;0;0;0
2022-02-19T05:33:00;0;0;0;0
2022-02-19T05:34:00;0;0;0;0
2022-02-19T05:35:00;0;0;0;0
2022-02-19T05:36:00;0;0;0;0
2022-02-19T05:37:00;0;0;0;0
2022-02-19T05:38:00;0;0;0;0
2022-02-19T05:39:00;0;0;0;0
2022-02-19T05:40:00;-1.4097;-1.4097;-1.5;-1.32
2022-02-19T05:41:00;0;0;0;0
2022-02-19T05:42:00;0;0;0;0
2022-02-19T05:43:00;0;0;0;0
2022-02-19T05:44:00;0;0;0;0
2022-02-19T05:45:00;0;0;0;0
2022-02-19T05:46:00;0;0;0;0
2022-02-19T05:47:00;0;0;0;0
2022-02-19T05:48:00;0;0;0;0
2022-02-19T05:49:00;0;0;0;0
2022-02-19T05:50:00;-1.4213;-1.4213;-1.55;-1.42
2022-02-19T05:51:00;0;0;0;0
2022-02-19T05:52:00;0;0;0;0
2022-02-19T05:53:00;0;0;0;0
2022-02-19T05:54:00;0;0;0;0
2022-02-19T05:55:00;0;0;0;0
2022-02-19T05:56:00;0;0;0;0
2022-02-19T05:57:00;0;0;0;0
2022-02-19T05:58:00;0;0;0;0
2022-02-19T05:59:00;0;0;0;0
2022-02-19T06:00:00;-1.418;-1.418;-1.6;-1.52
2022-02-19T06:01:00;0;0;0;0
2022-02-19T06:02:00;0;0;0;0
2022-02-19T06:03:00;0;0;0;0
2022-02-19T06:04:00;0;0;0;0
2022-02-19T06:05:00;0;0;0;0
2022-02-19T06:06:00;0;0;0;0
2022-02-19T06:07:00;0;0;0;0
2022-02-19T06:08:00;0;0;0;0
2022-02-19T06:09:00;0;0;0;0
2022-02-19T06:10:00;-1.3967;-1.3967;-1.63;-1.62
2022-02-19T06:11:00;0;0;0;0
2022-02-19T06:12:00;0;0;0;0
2022-02-19T06:13:00;0;0;0;0
2022-02-19T06:14:00;0;0;0;0
2022-02-19T06:15:00;0;0;0;0
2022-02-19T06:16:00;0;0;0;0
2022-02-19T06:17:00;0;0;0;0
2022-02-19T06:18:00;0;0;0;0
2022-02-19T06:19:00;0;0;0;0
2022-02-19T06:20:00;-1.3548;-1.3548;-1.66;-1.72
2022-02-19T06:21:00;0;0;0;0
2022-02-19T06:22:00;0;0;0;0
2022-02-19T06:23:00;0;0;0;0
2022-02-19T06:24:00;0;0;0;0
2022-02-19T06:25:00;0;0;0;0
2022-02-19T06:26:00;0;0;0;0
2022-02-19T06:27:00;0;0;0;0
2022-02-19T06:28:00;0;0;0;0
2022-02-19T06:29:00;0;0;0;0
2022-02-19T06:30:00;-1.2911;-1.2911;-1.66;-1.8
2022-02-19T06:31:00;0;0;0;0
2022-02-19T06:32:00;0;0;0;0
2022-02-19T06:33:00;0;0;0;0
2022-02-19T06:34:00;0;0;0;0
2022-02-19T06:35:00;0;0;0;0
2022-02-19T06:36:00;0;0;0;0
2022-02-19T06:37:00;0;0;0;0
2022-02-19T06:38:00;0;0;0;0
2022-02-19T06:39:00;0;0;0;0
2022-02-19T06:40:00;-1.2057;-1.2057;-1.64;-1.87
2022-02-19T06:41:00;0;0;0;0
2022-02-19T06:42:00;0;0;0;0
2022-02-19T06:43:00;0;0;0;0
2022-02-19T06:44:00;0;0;0;0
2022-02-19T06:45:00;0;0;0;0
2022-02-19T06:46:00;0;0;0;0
2022-02-19T06:47:00;0;0;0;0
2022-02-19T06:48:00;0;0;0;0
2022-02-19T06:49:00;0;0;0;0
2022-02-19T06:50:00;-1.1004;-1.1004;-1.59;-1.92
2022-02-19T06:51:00;0;0;0;0
2022-02-19T06:52:00;0;0;0;0
2022-02-19T06:53:00;0;0;0;0
2022-02-19T06:54:00;0;0;0;0
2022-02-19T06:55:00;0;0;0;0
2022-02-19T06:56:00;0;0;0;0
2022-02-19T06:57:00;0;0;0;0
2022-02-19T06:58:00;0;0;0;0
2022-02-19T06:59:00;0;0;0;0
2022-02-19T07:00:00;-0.9787;-0.9787;-1.52;-1.94
2022-02-19T07:01:00;0;0;0;0
2022-02-19T07:02:00;0;0;0;0
2022-02-19T07:03:00;0;0;0;0
2022-02-19T07:04:00;0;0;0;0
2022-02-19T07:05:00;0;0;0;0
2022-02-19T07:06:00;0;0;0;0
2022-02-19T07:07:00;0;0;0;0
2022-02-19T07:08:00;0;0;0;0
2022-02-19T07:09:00;0;0;0;0
2022-02-19T07:10:00;-0.8455;-0.8455;-1.41;-1.94
2022-02-19T07:11:00;0;0;0;0
2022-02-19T07:12:00;0;0;0;0
2022-02-19T07:13:00;0;0;0;0
2022-02-19T07:14:00;0;0;0;0
2022-02-19T07:15:00;0;0;0;0
2022-02-19T07:16:00;0;0;0;0
2022-02-19T07:17:00;0;0;0;0
2022-02-19T07:18:00;0;0;0;0
2022-02-19T07:19:00;0;0;0;0
2022-02-19T07:20:00;-0.7065;-0.7065;-1.29;-1.89
2022-02-19T07:21:00;0;0;0;0
2022-02-19T07:22:00;0;0;0;0
2022-02-19T07:23:00;0;0;0;0
2022-02-19T07:24:00;0;0;0;0
2022-02-19T07:25:00;0;0;0;0
2022-02-19T07:26:00;0;0;0;0
2022-02-19T07:27:00;0;0;0;0
2022-02-19T07:28:00;0;0;0;0
2022-02-19T07:29:00;0;0;0;0
2022-02-19T07:30:00;-0.5678;-0.5678;-1.14;-1.81
2022-02-19T07:31:00;0;0;0;0
2022-02-19T07:32:00;0;0;0;0
2022-02-19T07:33:00;0;0;0;0
2022-02-19T07:34:00;0;0;0;0
2022-02-19T07:35:00;0;0;0;0
2022-02-19T07:36:00;0;0;0;0
2022-02-19T07:37:00;0;0;0;0
2022-02-19T07:38:00;0;0;0;0
2022-02-19T07:39:00;0;0;0;0
2022-02-19T07:40:00;-0.4346;-0.4346;-0.98;-1.69
2022-02-19T07:41:00;0;0;0;0
2022-02-19T07:42:00;0;0;0;0
2022-02-19T07:43:00;0;0;0;0
2022-02-19T07:44:00;0;0;0;0
2022-02-19T07:45:00;0;0;0;0
2022-02-19T07:46:00;0;0;0;0
2022-02-19T07:47:00;0;0;0;0
2022-02-19T07:48:00;0;0;0;0
2022-02-19T07:49:00;0;0;0;0
2022-02-19T07:50:00;-0.3114;-0.3114;-0.81;-1.54
2022-02-19T07:51:00;0;0;0;0
2022-02-19T07:52:00;0;0;0;0
2022-02-19T07:53:00;0;0;0;0
2022-02-19T07:54:00;0;0;0;0
2022-02-19T07:55:00;0;0;0;0
2022-02-19T07:56:00;0;0;0;0
2022-02-19T07:57:00;0;0;0;0
2022-02-19T07:58:00;0;0;0;0
2022-02-19T07:59:00;0;0;0;0
2022-02-19T08:00:00;-0.2009;-0.2009;-0.64;-1.37
2022-02-19T08:01:00;0;0;0;0
2022-02-19T08:02:00;0;0;0;0
2022-02-19T08:03:00;0;0;0;0
2022-02-19T08:04:00;0;0;0;0
2022-02-19T08:05:00;0;0;0;0
2022-02-19T08:06:00;0;0;0;0
2022-02-19T08:07:00;0;0;0;0
2022-02-19T08:08:00;0;0;0;0
2022-02-19T08:09:00;0;0;0;0
2022-02-19T08:10:00;-0.1042;-0.1042;-0.47;-1.17
2022-02-19T08:11:00;0;0;0;0
2022-02-19T08:12:00;0;0;0;0
2022-02-19T08:13:00;0;0;0;0
2022-02-19T08:14:00;0;0;0;0
2022-02-19T08:15:00;0;0;0;0
2022-02-19T08:16:00;0;0;0;0
2022-02-19T08:17:00;0;0;0;0
2022-02-19T08:18:00;0;0;0;0
2022-02-19T08:19:00;0;0;0;0
2022-02-19T08:20:00;-0.0205;-0.0205;-0.32;-0.97
2022-02-19T08:21:00;0;0;0;0
2022-02-19T08:22:00;0;0;0;0
2022-02-19T08:23:00;0;0;0;0
2022-02-19T08:24:00;0;0;0;0
2022-02-19T08:25:00;0;0;0;0
2022-02-19T08:26:00;0;0;0;0
2022-02-19T08:27:00;0;0;0;0
2022-02-19T08:28:00;0;0;0;0
2022-02-19T08:29:00;0;0;0;0
2022-02-19T08:30:00;0.0522;0.0522;-0.18;-0.76
2022-02-19T08:31:00;0;0;0;0
2022-02-19T08:32:00;0;0;0;0
2022-02-19T08:33:00;0;0;0;0
2022-02-19T08:34:00;0;0;0;0
2022-02-19T08:35:00;0;0;0;0
2022-02-19T08:36:00;0;0;0;0
2022-02-19T08:37:00;0;0;0;0
2022-02-19T08:38:00;0;0;0;0
2022-02-19T08:39:00;0;0;0;0
2022-02-19T08:40:00;0.1167;0.1167;-0.05;-0.56
2022-02-19T08:41:00;0;0;0;0
2022-02-19T08:42:00;0;0;0;0
2022-02-19T08:43:00;0;0;0;0
2022-02-19T08:44:00;0;0;0;0
2022-02-19T08:45:00;0;0;0;0
2022-02-19T08:46:00;0;0;0;0
2022-02-19T08:47:00;0;0;0;0
2022-02-19T08:48:00;0;0;0;0
2022-02-19T08:49:00;0;0;0;0
2022-02-19T08:50:00;0.1761;0.1761;0.05;-0.37
2022-02-19T08:51:00;0;0;0;0
2022-02-19T08:52:00;0;0;0;0
2022-02-19T08:53:00;0;0;0;0
2022-02-19T08:54:00;0;0;0;0
2022-02-19T08:55:00;0;0;0;0
2022-02-19T08:56:00;0;0;0;0
2022-02-19T08:57:00;0;0;0;0
2022-02-19T08:58:00;0;0;0;0
2022-02-19T08:59:00;0;0;0;0
2022-02-19T09:00:00;0.2335;0.2335;0.16;-0.2
2022-02-19T09:01:00;0;0;0;0
2022-02-19T09:02:00;0;0;0;0
2022-02-19T09:03:00;0;0;0;0
2022-02-19T09:04:00;0;0;0;0
2022-02-19T09:05:00;0;0;0;0
2022-02-19T09:06:00;0;0;0;0
2022-02-19T09:07:00;0;0;0;0
2022-02-19T09:08:00;0;0;0;0
2022-02-19T09:09:00;0;0;0;0
2022-02-19T09:10:00;0.291;0.291;0.26;-0.04
2022-02-19T09:11:00;0;0;0;0
2022-02-19T09:12:00;0;0;0;0
2022-02-19T09:13:00;0;0;0;0
2022-02-19T09:14:00;0;0;0;0
2022-02-19T09:15:00;0;0;0;0
2022-02-19T09:16:00;0;0;0;0
2022-02-19T09:17:00;0;0;0;0
2022-02-19T09:18:00;0;0;0;0
2022-02-19T09:19:00;0;0;0;0
2022-02-19T09:20:00;0.3499;0.3499;0.35;0.1
2022-02-19T09:21:00;0;0;0;0
2022-02-19T09:22:00;0;0;0;0
2022-02-19T09:23:00;0;0;0;0
2022-02-19T09:24:00;0;0;0;0
2022-02-19T09:25:00;0;0;0;0
2022-02-19T09:26:00;0;0;0;0
2022-02-19T09:27:00;0;0;0;0
2022-02-19T09:28:00;0;0;0;0
2022-02-19T09:29:00;0;0;0;0
2022-02-19T09:30:00;0.4103;0.4103;0.44;0.24
2022-02-19T09:31:00;0;0;0;0
2022-02-19T09:32:00;0;0;0;0
2022-02-19T09:33:00;0;0;0;0
2022-02-19T09:34:00;0;0;0;0
2022-02-19T09:35:00;0;0;0;0
2022-02-19T09:36:00;0;0;0;0
2022-02-19T09:37:00;0;0;0;0
2022-02-19T09:38:00;0;0;0;0
2022-02-19T09:39:00;0;0;0;0
2022-02-19T09:40:00;0.4717;0.4717;0.52;0.36
2022-02-19T09:41:00;0;0;0;0
2022-02-19T09:42:00;0;0;0;0
2022-02-19T09:43:00;0;0;0;0
2022-02-19T09:44:00;0;0;0;0
2022-02-19T09:45:00;0;0;0;0
2022-02-19T09:46:00;0;0;0;0
2022-02-19T09:47:00;0;0;0;0
2022-02-19T09:48:00;0;0;0;0
2022-02-19T09:49:00;0;0;0;0
2022-02-19T09:50:00;0.5328;0.5328;0.6;0.48
2022-02-19T09:51:00;0;0;0;0
2022-02-19T09:52:00;0;0;0;0
2022-02-19T09:53:00;0;0;0;0
2022-02-19T09:54:00;0;0;0;0
2022-02-19T09:55:00;0;0;0;0
2022-02-19T09:56:00;0;0;0;0
2022-02-19T09:57:00;0;0;0;0
2022-02-19T09:58:00;0;0;0;0
2022-02-19T09:59:00;0;0;0;0
2022-02-19T10:00:00;0.5922;0.5922;0.68;0.59
2022-02-19T10:01:00;0;0;0;0
2022-02-19T10:02:00;0;0;0;0
2022-02-19T10:03:00;0;0;0;0
2022-02-19T10:04:00;0;0;0;0
2022-02-19T10:05:00;0;0;0;0
2022-02-19T10:06:00;0;0;0;0
2022-02-19T10:07:00;0;0;0;0
2022-02-19T10:08:00;0;0;0;0
2022-02-19T10:09:00;0;0;0;0
2022-02-19T10:10:00;0.6484;0.6484;0.76;0.69
2022-02-19T10:11:00;0;0;0;0
2022-02-19T10:12:00;0;0;0;0
2022-02-19T10:13:00;0;0;0;0
2022-02-19T10:14:00;0;0;0;0
2022-02-19T10:15:00;0;0;0;0
2022-02-19T10:16:00;0;0;0;0
2022-02-19T10:17:00;0;0;0;0
2022-02-19T10:18:00;0;0;0;0
2022-02-19T10:19:00;0;0;0;0
2022-02-19T10:20:00;0.7003;0.7003;0.82;0.79
2022-02-19T10:21:00;0;0;0;0
2022-02-19T10:22:00;0;0;0;0
2022-02-19T10:23:00;0;0;0;0
2022-02-19T10:24:00;0;0;0;0
2022-02-19T10:25:00;0;0;0;0
2022-02-19T10:26:00;0;0;0;0
2022-02-19T10:27:00;0;0;0;0
2022-02-19T10:28:00;0;0;0;0
2022-02-19T10:29:00;0;0;0;0
2022-02-19T10:30:00;0.747;0.747;0.88;0.87
2022-02-19T10:31:00;0;0;0;0
2022-02-19T10:32:00;0;0;0;0
2022-02-19T10:33:00;0;0;0;0
2022-02-19T10:34:00;0;0;0;0
2022-02-19T10:35:00;0;0;0;0
2022-02-19T10:36:00;0;0;0;0
2022-02-19T10:37:00;0;0;0;0
2022-02-19T10:38:00;0;0;0;0
2022-02-19T10:39:00;0;0;0;0
2022-02-19T10:40:00;0.7884;0.7884;0.94;0.95
2022-02-19T10:41:00;0;0;0;0
2022-02-19T10:42:00;0;0;0;0
2022-02-19T10:43:00;0;0;0;0
2022-02-19T10:44:00;0;0;0;0
2022-02-19T10:45:00;0;0;0;0
2022-02-19T10:46:00;0;0;0;0
2022-02-19T10:47:00;0;0;0;0
2022-02-19T10:48:00;0;0;0;0
2022-02-19T10:49:00;0;0;0;0
2022-02-19T10:50:00;0.8244;0.8244;0.99;1.01
2022-02-19T10:51:00;0;0;0;0
2022-02-19T10:52:00;0;0;0;0
2022-02-19T10:53:00;0;0;0;0
2022-02-19T10:54:00;0;0;0;0
2022-02-19T10:55:00;0;0;0;0
2022-02-19T10:56:00;0;0;0;0
2022-02-19T10:57:00;0;0;0;0
2022-02-19T10:58:00;0;0;0;0
2022-02-19T10:59:00;0;0;0;0
2022-02-19T11:00:00;0.8551;0.8551;1.03;1.06
2022-02-19T11:01:00;0;0;0;0
2022-02-19T11:02:00;0;0;0;0
2022-02-19T11:03:00;0;0;0;0
2022-02-19T11:04:00;0;0;0;0
2022-02-19T11:05:00;0;0;0;0
2022-02-19T11:06:00;0;0;0;0
2022-02-19T11:07:00;0;0;0;0
2022-02-19T11:08:00;0;0;0;0
2022-02-19T11:09:00;0;0;0;0
2022-02-19T11:10:00;0.8808;0.8808;1.06;1.11
2022-02-19T11:11:00;0;0;0;0
2022-02-19T11:12:00;0;0;0;0
2022-02-19T11:13:00;0;0;0;0
2022-02-19T11:14:00;0;0;0;0
2022-02-19T11:15:00;0;0;0;0
2022-02-19T11:16:00;0;0;0;0
2022-02-19T11:17:00;0;0;0;0
2022-02-19T11:18:00;0;0;0;0
2022-02-19T11:19:00;0;0;0;0
2022-02-19T11:20:00;0.9014;0.9014;1.09;1.14
2022-02-19T11:21:00;0;0;0;0
2022-02-19T11:22:00;0;0;0;0
2022-02-19T11:23:00;0;0;0;0
2022-02-19T11:24:00;0;0;0;0
2022-02-19T11:25:00;0;0;0;0
2022-02-19T11:26:00;0;0;0;0
2022-02-19T11:27:00;0;0;0;0
2022-02-19T11:28:00;0;0;0;0
2022-02-19T11:29:00;0;0;0;0
2022-02-19T11:30:00;0.9166;0.9166;1.12;1.18
2022-02-19T11:31:00;0;0;0;0
2022-02-19T11:32:00;0;0;0;0
2022-02-19T11:33:00;0;0;0;0
2022-02-19T11:34:00;0;0;0;0
2022-02-19T11:35:00;0;0;0;0
2022-02-19T11:36:00;0;0;0;0
2022-02-19T11:37:00;0;0;0;0
2022-02-19T11:38:00;0;0;0;0
2022-02-19T11:39:00;0;0;0;0
2022-02-19T11:40:00;0.9259;0.9259;1.14;1.21
2022-02-19T11:41:00;0;0;0;0
2022-02-19T11:42:00;0;0;0;0
2022-02-19T11:43:00;0;0;0;0
2022-02-19T11:44:00;0;0;0;0
2022-02-19T11:45:00;0;0;0;0
2022-02-19T11:46:00;0;0;0;0
2022-02-19T11:47:00;0;0;0;0
2022-02-19T11:48:00;0;0;0;0
2022-02-19T11:49:00;0;0;0;0
2022-02-19T11:50:00;0.9284;0.9284;1.16;1.23
2022-02-19T11:51:00;0;0;0;0
2022-02-19T11:52:00;0;0;0;0
2022-02-19T11:53:00;0;0;0;0
2022-02-19T11:54:00;0;0;0;0
2022-02-19T11:55:00;0;0;0;0
2022-02-19T11:56:00;0;0;0;0
2022-02-19T11:57:00;0;0;0;0
2022-02-19T11:58:00;0;0;0;0
2022-02-19T11:59:00;0;0;0;0
2022-02-19T12:00:00;0.9234;0.9234;1.17;1.26
2022-02-19T12:01:00;0;0;0;0
2022-02-19T12:02:00;0;0;0;0
2022-02-19T12:03:00;0;0;0;0
2022-02-19T12:04:00;0;0;0;0
2022-02-19T12:05:00;0;0;0;0
2022-02-19T12:06:00;0;0;0;0
2022-02-19T12:07:00;0;0;0;0
2022-02-19T12:08:00;0;0;0;0
2022-02-19T12:09:00;0;0;0;0
2022-02-19T12:10:00;0.9099;0.9099;1.17;1.29
2022-02-19T12:11:00;0;0;0;0
2022-02-19T12:12:00;0;0;0;0
2022-02-19T12:13:00;0;0;0;0
2022-02-19T12:14:00;0;0;0;0
2022-02-19T12:15:00;0;0;0;0
2022-02-19T12:16:00;0;0;0;0
2022-02-19T12:17:00;0;0;0;0
2022-02-19T12:18:00;0;0;0;0
2022-02-19T12:19:00;0;0;0;0
2022-02-19T12:20:00;0.8873;0.8873;1.17;1.31
2022-02-19T12:21:00;0;0;0;0
2022-02-19T12:22:00;0;0;0;0
2022-02-19T12:23:00;0;0;0;0
2022-02-19T12:24:00;0;0;0;0
2022-02-19T12:25:00;0;0;0;0
2022-02-19T12:26:00;0;0;0;0
2022-02-19T12:27:00;0;0;0;0
2022-02-19T12:28:00;0;0;0;0
2022-02-19T12:29:00;0;0;0;0
2022-02-19T12:30:00;0.855;0.855;1.16;1.34
2022-02-19T12:31:00;0;0;0;0
2022-02-19T12:32:00;0;0;0;0
2022-02-19T12:33:00;0;0;0;0
2022-02-19T12:34:00;0;0;0;0
2022-02-19T12:35:00;0;0;0;0
2022-02-19T12:36:00;0;0;0;0
2022-02-19T12:37:00;0;0;0;0
2022-02-19T12:38:00;0;0;0;0
2022-02-19T12:39:00;0;0;0;0
2022-02-19T12:40:00;0.813;0.813;1.14;1.35
2022-02-19T12:41:00;0;0;0;0
2022-02-19T12:42:00;0;0;0;0
2022-02-19T12:43:00;0;0;0;0
2022-02-19T12:44:00;0;0;0;0
2022-02-19T12:45:00;0;0;0;0
2022-02-19T12:46:00;0;0;0;0
2022-02-19T12:47:00;0;0;0;0
2022-02-19T12:48:00;0;0;0;0
2022-02-19T12:49:00;0;0;0;0
2022-02-19T12:50:00;0.7611;0.7611;1.12;1.37
2022-02-19T12:51:00;0;0;0;0
2022-02-19T12:52:00;0;0;0;0
2022-02-19T12:53:00;0;0;0;0
2022-02-19T12:54:00;0;0;0;0
2022-02-19T12:55:00;0;0;0;0
2022-02-19T12:56:00;0;0;0;0
2022-02-19T12:57:00;0;0;0;0
2022-02-19T12:58:00;0;0;0;0
2022-02-19T12:59:00;0;0;0;0
2022-02-19T13:00:00;0.6995;0.6995;1.08;1.37
2022-02-19T13:01:00;0;0;0;0
2022-02-19T13:02:00;0;0;0;0
2022-02-19T13:03:00;0;0;0;0
2022-02-19T13:04:00;0;0;0;0
2022-02-19T13:05:00;0;0;0;0
2022-02-19T13:06:00;0;0;0;0
2022-02-19T13:07:00;0;0;0;0
2022-02-19T13:08:00;0;0;0;0
2022-02-19T13:09:00;0;0;0;0
2022-02-19T13:10:00;0.6288;0.6288;1.03;1.36
2022-02-19T13:11:00;0;0;0;0
2022-02-19T13:12:00;0;0;0;0
2022-02-19T13:13:00;0;0;0;0
2022-02-19T13:14:00;0;0;0;0
2022-02-19T13:15:00;0;0;0;0
2022-02-19T13:16:00;0;0;0;0
2022-02-19T13:17:00;0;0;0;0
2022-02-19T13:18:00;0;0;0;0
2022-02-19T13:19:00;0;0;0;0
2022-02-19T13:20:00;0.5495;0.5495;0.98;1.35
2022-02-19T13:21:00;0;0;0;0
2022-02-19T13:22:00;0;0;0;0
2022-02-19T13:23:00;0;0;0;0
2022-02-19T13:24:00;0;0;0;0
2022-02-19T13:25:00;0;0;0;0
2022-02-19T13:26:00;0;0;0;0
2022-02-19T13:27:00;0;0;0;0
2022-02-19T13:28:00;0;0;0;0
2022-02-19T13:29:00;0;0;0;0
2022-02-19T13:30:00;0.4624;0.4624;0.91;1.32
2022-02-19T13:31:00;0;0;0;0
2022-02-19T13:32:00;0;0;0;0
2022-02-19T13:33:00;0;0;0;0
2022-02-19T13:34:00;0;0;0;0
2022-02-19T13:35:00;0;0;0;0
2022-02-19T13:36:00;0;0;0;0
2022-02-19T13:37:00;0;0;0;0
2022-02-19T13:38:00;0;0;0;0
2022-02-19T13:39:00;0;0;0;0
2022-02-19T13:40:00;0.3685;0.3685;0.84;1.29
2022-02-19T13:41:00;0;0;0;0
2022-02-19T13:42:00;0;0;0;0
2022-02-19T13:43:00;0;0;0;0
2022-02-19T13:44:00;0;0;0;0
2022-02-19T13:45:00;0;0;0;0
2022-02-19T13:46:00;0;0;0;0
2022-02-19T13:47:00;0;0;0;0
2022-02-19T13:48:00;0;0;0;0
2022-02-19T13:49:00;0;0;0;0
2022-02-19T13:50:00;0.2687;0.2687;0.76;1.25
2022-02-19T13:51:00;0;0;0;0
2022-02-19T13:52:00;0;0;0;0
2022-02-19T13:53:00;0;0;0;0
2022-02-19T13:54:00;0;0;0;0
2022-02-19T13:55:00;0;0;0;0
2022-02-19T13:56:00;0;0;0;0
2022-02-19T13:57:00;0;0;0;0
2022-02-19T13:58:00;0;0;0;0
2022-02-19T13:59:00;0;0;0;0
2022-02-19T14:00:00;0.1646;0.1646;0.68;1.2
2022-02-19T14:01:00;0;0;0;0
2022-02-19T14:02:00;0;0;0;0
2022-02-19T14:03:00;0;0;0;0
2022-02-19T14:04:00;0;0;0;0
2022-02-19T14:05:00;0;0;0;0
2022-02-19T14:06:00;0;0;0;0
2022-02-19T14:07:00;0;0;0;0
2022-02-19T14:08:00;0;0;0;0
2022-02-19T14:09:00;0;0;0;0
2022-02-19T14:10:00;0.0576;0.0576;0.59;1.14
2022-02-19T14:11:00;0;0;0;0
2022-02-19T14:12:00;0;0;0;0
2022-02-19T14:13:00;0;0;0;0
2022-02-19T14:14:00;0;0;0;0
2022-02-19T14:15:00;0;0;0;0
2022-02-19T14:16:00;0;0;0;0
2022-02-19T14:17:00;0;0;0;0
2022-02-19T14:18:00;0;0;0;0
2022-02-19T14:19:00;0;0;0;0
2022-02-19T14:20:00;-0.0508;-0.0508;0.49;1.07
2022-02-19T14:21:00;0;0;0;0
2022-02-19T14:22:00;0;0;0;0
2022-02-19T14:23:00;0;0;0;0
2022-02-19T14:24:00;0;0;0;0
2022-02-19T14:25:00;0;0;0;0
2022-02-19T14:26:00;0;0;0;0
2022-02-19T14:27:00;0;0;0;0
2022-02-19T14:28:00;0;0;0;0
2022-02-19T14:29:00;0;0;0;0
2022-02-19T14:30:00;-0.1588;-0.1588;0.39;0.99
2022-02-19T14:31:00;0;0;0;0
2022-02-19T14:32:00;0;0;0;0
2022-02-19T14:33:00;0;0;0;0
2022-02-19T14:34:00;0;0;0;0
2022-02-19T14:35:00;0;0;0;0
2022-02-19T14:36:00;0;0;0;0
2022-02-19T14:37:00;0;0;0;0
2022-02-19T14:38:00;0;0;0;0
2022-02-19T14:39:00;0;0;0;0
2022-02-19T14:40:00;-0.2651;-0.2651;0.28;0.91
2022-02-19T14:41:00;0;0;0;0
2022-02-19T14:42:00;0;0;0;0
2022-02-19T14:43:00;0;0;0;0
2022-02-19T14:44:00;0;0;0;0
2022-02-19T14:45:00;0;0;0;0
2022-02-19T14:46:00;0;0;0;0
2022-02-19T14:47:00;0;0;0;0
2022-02-19T14:48:00;0;0;0;0
2022-02-19T14:49:00;0;0;0;0
2022-02-19T14:50:00;-0.3684;-0.3684;0.17;0.82
2022-02-19T14:51:00;0;0;0;0
2022-02-19T14:52:00;0;0;0;0
2022-02-19T14:53:00;0;0;0;0
2022-02-19T14:54:00;0;0;0;0
2022-02-19T14:55:00;0;0;0;0
2022-02-19T14:56:00;0;0;0;0
2022-02-19T14:57:00;0;0;0;0
2022-02-19T14:58:00;0;0;0;0
2022-02-19T14:59:00;0;0;0;0
2022-02-19T15:00:00;-0.4676;-0.4676;0.06;0.71
2022-02-19T15:01:00;0;0;0;0
2022-02-19T15:02:00;0;0;0;0
2022-02-19T15:03:00;0;0;0;0
2022-02-19T15:04:00;0;0;0;0
2022-02-19T15:05:00;0;0;0;0
2022-02-19T15:06:00;0;0;0;0
2022-02-19T15:07:00;0;0;0;0
2022-02-19T15:08:00;0;0;0;0
2022-02-19T15:09:00;0;0;0;0
2022-02-19T15:10:00;-0.5621;-0.5621;-0.04;0.61
2022-02-19T15:11:00;0;0;0;0
2022-02-19T15:12:00;0;0;0;0
2022-02-19T15:13:00;0;0;0;0
2022-02-19T15:14:00;0;0;0;0
2022-02-19T15:15:00;0;0;0;0
2022-02-19T15:16:00;0;0;0;0
2022-02-19T15:17:00;0;0;0;0
2022-02-19T15:18:00;0;0;0;0
2022-02-19T15:19:00;0;0;0;0
2022-02-19T15:20:00;-0.6517;-0.6517;-0.16;0.5
2022-02-19T15:21:00;0;0;0;0
2022-02-19T15:22:00;0;0;0;0
2022-02-19T15:23:00;0;0;0;0
2022-02-19T15:24:00;0;0;0;0
2022-02-19T15:25:00;0;0;0;0
2022-02-19T15:26:00;0;0;0;0
2022-02-19T15:27:00;0;0;0;0
2022-02-19T15:28:00;0;0;0;0
2022-02-19T15:29:00;0;0;0;0
2022-02-19T15:30:00;-0.7363;-0.7363;-0.27;0.38
2022-02-19T15:31:00;0;0;0;0
2022-02-19T15:32:00;0;0;0;0
2022-02-19T15:33:00;0;0;0;0
2022-02-19T15:34:00;0;0;0;0
2022-02-19T15:35:00;0;0;0;0
2022-02-19T15:36:00;0;0;0;0
2022-02-19T15:37:00;0;0;0;0
2022-02-19T15:38:00;0;0;0;0
2022-02-19T15:39:00;0;0;0;0
2022-02-19T15:40:00;-0.816;-0.816;-0.39;0.26
2022-02-19T15:41:00;0;0;0;0
2022-02-19T15:42:00;0;0;0;0
2022-02-19T15:43:00;0;0;0;0
2022-02-19T15:44:00;0;0;0;0
2022-02-19T15:45:00;0;0;0;0
2022-02-19T15:46:00;0;0;0;0
2022-02-19T15:47:00;0;0;0;0
2022-02-19T15:48:00;0;0;0;0
2022-02-19T15:49:00;0;0;0;0
2022-02-19T15:50:00;-0.891;-0.891;-0.5;0.14
2022-02-19T15:51:00;0;0;0;0
2022-02-19T15:52:00;0;0;0;0
2022-02-19T15:53:00;0;0;0;0
2022-02-19T15:54:00;0;0;0;0
2022-02-19T15:55:00;0;0;0;0
2022-02-19T15:56:00;0;0;0;0
2022-02-19T15:57:00;0;0;0;0
2022-02-19T15:58:00;0;0;0;0
2022-02-19T15:59:00;0;0;0;0
2022-02-19T16:00:00;-0.9615;-0.9615;-0.61;0.02
2022-02-19T16:01:00;0;0;0;0
2022-02-19T16:02:00;0;0;0;0
2022-02-19T16:03:00;0;0;0;0
2022-02-19T16:04:00;0;0;0;0
2022-02-19T16:05:00;0;0;0;0
2022-02-19T16:06:00;0;0;0;0
2022-02-19T16:07:00;0;0;0;0
2022-02-19T16:08:00;0;0;0;0
2022-02-19T16:09:00;0;0;0;0
2022-02-19T16:10:00;-1.0276;-1.0276;-0.72;-0.09
2022-02-19T16:11:00;0;0;0;0
2022-02-19T16:12:00;0;0;0;0
2022-02-19T16:13:00;0;0;0;0
2022-02-19T16:14:00;0;0;0;0
2022-02-19T16:15:00;0;0;0;0
2022-02-19T16:16:00;0;0;0;0
2022-02-19T16:17:00;0;0;0;0
2022-02-19T16:18:00;0;0;0;0
2022-02-19T16:19:00;0;0;0;0
2022-02-19T16:20:00;-1.0894;-1.0894;-0.82;-0.21
2022-02-19T16:21:00;0;0;0;0
2022-02-19T16:22:00;0;0;0;0
2022-02-19T16:23:00;0;0;0;0
2022-02-19T16:24:00;0;0;0;0
2022-02-19T16:25:00;0;0;0;0
2022-02-19T16:26:00;0;0;0;0
2022-02-19T16:27:00;0;0;0;0
2022-02-19T16:28:00;0;0;0;0
2022-02-19T16:29:00;0;0;0;0
2022-02-19T16:30:00;-1.1469;-1.1469;-0.91;-0.34
2022-02-19T16:31:00;0;0;0;0
2022-02-19T16:32:00;0;0;0;0
2022-02-19T16:33:00;0;0;0;0
2022-02-19T16:34:00;0;0;0;0
2022-02-19T16:35:00;0;0;0;0
2022-02-19T16:36:00;0;0;0;0
2022-02-19T16:37:00;0;0;0;0
2022-02-19T16:38:00;0;0;0;0
2022-02-19T16:39:00;0;0;0;0
2022-02-19T16:40:00;-1.2002;-1.2002;-1;-0.47
2022-02-19T16:41:00;0;0;0;0
2022-02-19T16:42:00;0;0;0;0
2022-02-19T16:43:00;0;0;0;0
2022-02-19T16:44:00;0;0;0;0
2022-02-19T16:45:00;0;0;0;0
2022-02-19T16:46:00;0;0;0;0
2022-02-19T16:47:00;0;0;0;0
2022-02-19T16:48:00;0;0;0;0
2022-02-19T16:49:00;0;0;0;0
2022-02-19T16:50:00;-1.2492;-1.2492;-1.08;-0.59
2022-02-19T16:51:00;0;0;0;0
2022-02-19T16:52:00;0;0;0;0
2022-02-19T16:53:00;0;0;0;0
2022-02-19T16:54:00;0;0;0;0
2022-02-19T16:55:00;0;0;0;0
2022-02-19T16:56:00;0;0;0;0
2022-02-19T16:57:00;0;0;0;0
2022-02-19T16:58:00;0;0;0;0
2022-02-19T16:59:00;0;0;0;0
2022-02-19T17:00:00;-1.294;-1.294;-1.16;-0.72
2022-02-19T17:01:00;0;0;0;0
2022-02-19T17:02:00;0;0;0;0
2022-02-19T17:03:00;0;0;0;0
2022-02-19T17:04:00;0;0;0;0
2022-02-19T17:05:00;0;0;0;0
2022-02-19T17:06:00;0;0;0;0
2022-02-19T17:07:00;0;0;0;0
2022-02-19T17:08:00;0;0;0;0
2022-02-19T17:09:00;0;0;0;0
2022-02-19T17:10:00;-1.3347;-1.3347;-1.22;-0.84
2022-02-19T17:11:00;0;0;0;0
2022-02-19T17:12:00;0;0;0;0
2022-02-19T17:13:00;0;0;0;0
2022-02-19T17:14:00;0;0;0;0
2022-02-19T17:15:00;0;0;0;0
2022-02-19T17:16:00;0;0;0;0
2022-02-19T17:17:00;0;0;0;0
2022-02-19T17:18:00;0;0;0;0
2022-02-19T17:19:00;0;0;0;0
2022-02-19T17:20:00;-1.371;-1.371;-1.28;-0.96
2022-02-19T17:21:00;0;0;0;0
2022-02-19T17:22:00;0;0;0;0
2022-02-19T17:23:00;0;0;0;0
2022-02-19T17:24:00;0;0;0;0
2022-02-19T17:25:00;0;0;0;0
2022-02-19T17:26:00;0;0;0;0
2022-02-19T17:27:00;0;0;0;0
2022-02-19T17:28:00;0;0;0;0
2022-02-19T17:29:00;0;0;0;0
2022-02-19T17:30:00;-1.4025;-1.4025;-1.34;-1.08
2022-02-19T17:31:00;0;0;0;0
2022-02-19T17:32:00;0;0;0;0
2022-02-19T17:33:00;0;0;0;0
2022-02-19T17:34:00;0;0;0;0
2022-02-19T17:35:00;0;0;0;0
2022-02-19T17:36:00;0;0;0;0
2022-02-19T17:37:00;0;0;0;0
2022-02-19T17:38:00;0;0;0;0
2022-02-19T17:39:00;0;0;0;0
2022-02-19T17:40:00;-1.428;-1.428;-1.39;-1.19
2022-02-19T17:41:00;0;0;0;0
2022-02-19T17:42:00;0;0;0;0
2022-02-19T17:43:00;0;0;0;0
2022-02-19T17:44:00;0;0;0;0
2022-02-19T17:45:00;0;0;0;0
2022-02-19T17:46:00;0;0;0;0
2022-02-19T17:47:00;0;0;0;0
2022-02-19T17:48:00;0;0;0;0
2022-02-19T17:49:00;0;0;0;0
2022-02-19T17:50:00;-1.4457;-1.4457;-1.44;-1.29
2022-02-19T17:51:00;0;0;0;0
2022-02-19T17:52:00;0;0;0;0
2022-02-19T17:53:00;0;0;0;0
2022-02-19T17:54:00;0;0;0;0
2022-02-19T17:55:00;0;0;0;0
2022-02-19T17:56:00;0;0;0;0
2022-02-19T17:57:00;0;0;0;0
2022-02-19T17:58:00;0;0;0;0
2022-02-19T17:59:00;0;0;0;0
2022-02-19T18:00:00;-1.4534;-1.4534;-1.48;-1.39
2022-02-19T18:01:00;0;0;0;0
2022-02-19T18:02:00;0;0;0;0
2022-02-19T18:03:00;0;0;0;0
2022-02-19T18:04:00;0;0;0;0
2022-02-19T18:05:00;0;0;0;0
2022-02-19T18:06:00;0;0;0;0
2022-02-19T18:07:00;0;0;0;0
2022-02-19T18:08:00;0;0;0;0
2022-02-19T18:09:00;0;0;0;0
2022-02-19T18:10:00;-1.448;-1.448;-1.52;-1.48
2022-02-19T18:11:00;0;0;0;0
2022-02-19T18:12:00;0;0;0;0
2022-02-19T18:13:00;0;0;0;0
2022-02-19T18:14:00;0;0;0;0
2022-02-19T18:15:00;0;0;0;0
2022-02-19T18:16:00;0;0;0;0
2022-02-19T18:17:00;0;0;0;0
2022-02-19T18:18:00;0;0;0;0
2022-02-19T18:19:00;0;0;0;0
2022-02-19T18:20:00;-1.4264;-1.4264;-1.55;-1.57
2022-02-19T18:21:00;0;0;0;0
2022-02-19T18:22:00;0;0;0;0
2022-02-19T18:23:00;0;0;0;0
2022-02-19T18:24:00;0;0;0;0
2022-02-19T18:25:00;0;0;0;0
2022-02-19T18:26:00;0;0;0;0
2022-02-19T18:27:00;0;0;0;0
2022-02-19T18:28:00;0;0;0;0
2022-02-19T18:29:00;0;0;0;0
2022-02-19T18:30:00;-1.3857;-1.3857;-1.56;-1.65
2022-02-19T18:31:00;0;0;0;0
2022-02-19T18:32:00;0;0;0;0
2022-02-19T18:33:00;0;0;0;0
2022-02-19T18:34:00;0;0;0;0
2022-02-19T18:35:00;0;0;0;0
2022-02-19T18:36:00;0;0;0;0
2022-02-19T18:37:00;0;0;0;0
2022-02-19T18:38:00;0;0;0;0
2022-02-19T18:39:00;0;0;0;0
2022-02-19T18:40:00;-1.3235;-1.3235;-1.57;-1.72
2022-02-19T18:41:00;0;0;0;0
2022-02-19T18:42:00;0;0;0;0
2022-02-19T18:43:00;0;0;0;0
2022-02-19T18:44:00;0;0;0;0
2022-02-19T18:45:00;0;0;0;0
2022-02-19T18:46:00;0;0;0;0
2022-02-19T18:47:00;0;0;0;0
2022-02-19T18:48:00;0;0;0;0
2022-02-19T18:49:00;0;0;0;0
2022-02-19T18:50:00;-1.2387;-1.2387;-1.55;-1.78
2022-02-19T18:51:00;0;0;0;0
2022-02-19T18:52:00;0;0;0;0
2022-02-19T18:53:00;0;0;0;0
2022-02-19T18:54:00;0;0;0;0
2022-02-19T18:55:00;0;0;0;0
2022-02-19T18:56:00;0;0;0;0
2022-02-19T18:57:00;0;0;0;0
2022-02-19T18:58:00;0;0;0;0
2022-02-19T18:59:00;0;0;0;0
2022-02-19T19:00:00;-1.1315;-1.1315;-1.5;-1.83
2022-02-19T19:01:00;0;0;0;0
2022-02-19T19:02:00;0;0;0;0
2022-02-19T19:03:00;0;0;0;0
2022-02-19T19:04:00;0;0;0;0
2022-02-19T19:05:00;0;0;0;0
2022-02-19T19:06:00;0;0;0;0
2022-02-19T19:07:00;0;0;0;0
2022-02-19T19:08:00;0;0;0;0
2022-02-19T19:09:00;0;0;0;0
2022-02-19T19:10:00;-1.0041;-1.0041;-1.43;-1.85
2022-02-19T19:11:00;0;0;0;0
2022-02-19T19:12:00;0;0;0;0
2022-02-19T19:13:00;0;0;0;0
2022-02-19T19:14:00;0;0;0;0
2022-02-19T19:15:00;0;0;0;0
2022-02-19T19:16:00;0;0;0;0
2022-02-19T19:17:00;0;0;0;0
2022-02-19T19:18:00;0;0;0;0
2022-02-19T19:19:00;0;0;0;0
2022-02-19T19:20:00;-0.8601;-0.8601;-1.33;-1.84
2022-02-19T19:21:00;0;0;0;0
2022-02-19T19:22:00;0;0;0;0
2022-02-19T19:23:00;0;0;0;0
2022-02-19T19:24:00;0;0;0;0
2022-02-19T19:25:00;0;0;0;0
2022-02-19T19:26:00;0;0;0;0
2022-02-19T19:27:00;0;0;0;0
2022-02-19T19:28:00;0;0;0;0
2022-02-19T19:29:00;0;0;0;0
2022-02-19T19:30:00;-0.7046;-0.7046;-1.2;-1.8
2022-02-19T19:31:00;0;0;0;0
2022-02-19T19:32:00;0;0;0;0
2022-02-19T19:33:00;0;0;0;0
2022-02-19T19:34:00;0;0;0;0
2022-02-19T19:35:00;0;0;0;0
2022-02-19T19:36:00;0;0;0;0
2022-02-19T19:37:00;0;0;0;0
2022-02-19T19:38:00;0;0;0;0
2022-02-19T19:39:00;0;0;0;0
2022-02-19T19:40:00;-0.5437;-0.5437;-1.05;-1.72
2022-02-19T19:41:00;0;0;0;0
2022-02-19T19:42:00;0;0;0;0
2022-02-19T19:43:00;0;0;0;0
2022-02-19T19:44:00;0;0;0;0
2022-02-19T19:45:00;0;0;0;0
2022-02-19T19:46:00;0;0;0;0
2022-02-19T19:47:00;0;0;0;0
2022-02-19T19:48:00;0;0;0;0
2022-02-19T19:49:00;0;0;0;0
2022-02-19T19:50:00;-0.3834;-0.3834;-0.88;-1.61
2022-02-19T19:51:00;0;0;0;0
2022-02-19T19:52:00;0;0;0;0
2022-02-19T19:53:00;0;0;0;0
2022-02-19T19:54:00;0;0;0;0
2022-02-19T19:55:00;0;0;0;0
2022-02-19T19:56:00;0;0;0;0
2022-02-19T19:57:00;0;0;0;0
2022-02-19T19:58:00;0;0;0;0
2022-02-19T19:59:00;0;0;0;0
2022-02-19T20:00:00;-0.2296;-0.2296;-0.7;-1.46
2022-02-19T20:01:00;0;0;0;0
2022-02-19T20:02:00;0;0;0;0
2022-02-19T20:03:00;0;0;0;0
2022-02-19T20:04:00;0;0;0;0
2022-02-19T20:05:00;0;0;0;0
2022-02-19T20:06:00;0;0;0;0
2022-02-19T20:07:00;0;0;0;0
2022-02-19T20:08:00;0;0;0;0
2022-02-19T20:09:00;0;0;0;0
2022-02-19T20:10:00;-0.0869;-0.0869;-0.52;-1.28
2022-02-19T20:11:00;0;0;0;0
2022-02-19T20:12:00;0;0;0;0
2022-02-19T20:13:00;0;0;0;0
2022-02-19T20:14:00;0;0;0;0
2022-02-19T20:15:00;0;0;0;0
2022-02-19T20:16:00;0;0;0;0
2022-02-19T20:17:00;0;0;0;0
2022-02-19T20:18:00;0;0;0;0
2022-02-19T20:19:00;0;0;0;0
2022-02-19T20:20:00;0.0417;0.0417;-0.34;-1.08
2022-02-19T20:21:00;0;0;0;0
2022-02-19T20:22:00;0;0;0;0
2022-02-19T20:23:00;0;0;0;0
2022-02-19T20:24:00;0;0;0;0
2022-02-19T20:25:00;0;0;0;0
2022-02-19T20:26:00;0;0;0;0
2022-02-19T20:27:00;0;0;0;0
2022-02-19T20:28:00;0;0;0;0
2022-02-19T20:29:00;0;0;0;0
2022-02-19T20:30:00;0.1549;0.1549;-0.17;-0.87
2022-02-19T20:31:00;0;0;0;0
2022-02-19T20:32:00;0;0;0;0
2022-02-19T20:33:00;0;0;0;0
2022-02-19T20:34:00;0;0;0;0
2022-02-19T20:35:00;0;0;0;0
2022-02-19T20:36:00;0;0;0;0
2022-02-19T20:37:00;0;0;0;0
2022-02-19T20:38:00;0;0;0;0
2022-02-19T20:39:00;0;0;0;0
2022-02-19T20:40:00;0.2532;0.2532;-0.01;-0.66
2022-02-19T20:41:00;0;0;0;0
2022-02-19T20:42:00;0;0;0;0
2022-02-19T20:43:00;0;0;0;0
2022-02-19T20:44:00;0;0;0;0
2022-02-19T20:45:00;0;0;0;0
2022-02-19T20:46:00;0;0;0;0
2022-02-19T20:47:00;0;0;0;0
2022-02-19T20:48:00;0;0;0;0
2022-02-19T20:49:00;0;0;0;0
2022-02-19T20:50:00;0.3384;0.3384;0.12;-0.44
2022-02-19T20:51:00;0;0;0;0
2022-02-19T20:52:00;0;0;0;0
2022-02-19T20:53:00;0;0;0;0
2022-02-19T20:54:00;0;0;0;0
2022-02-19T20:55:00;0;0;0;0
2022-02-19T20:56:00;0;0;0;0
2022-02-19T20:57:00;0;0;0;0
2022-02-19T20:58:00;0;0;0;0
2022-02-19T20:59:00;0;0;0;0
2022-02-19T21:00:00;0.4135;0.4135;0.25;-0.24
2022-02-19T21:01:00;0;0;0;0
2022-02-19T21:02:00;0;0;0;0
2022-02-19T21:03:00;0;0;0;0
2022-02-19T21:04:00;0;0;0;0
2022-02-19T21:05:00;0;0;0;0
2022-02-19T21:06:00;0;0;0;0
2022-02-19T21:07:00;0;0;0;0
2022-02-19T21:08:00;0;0;0;0
2022-02-19T21:09:00;0;0;0;0
2022-02-19T21:10:00;0.4818;0.4818;0.37;-0.05
2022-02-19T21:11:00;0;0;0;0
2022-02-19T21:12:00;0;0;0;0
2022-02-19T21:13:00;0;0;0;0
2022-02-19T21:14:00;0;0;0;0
2022-02-19T21:15:00;0;0;0;0
2022-02-19T21:16:00;0;0;0;0
2022-02-19T21:17:00;0;0;0;0
2022-02-19T21:18:00;0;0;0;0
2022-02-19T21:19:00;0;0;0;0
2022-02-19T21:20:00;0.5463;0.5463;0.48;0.11
2022-02-19T21:21:00;0;0;0;0
2022-02-19T21:22:00;0;0;0;0
2022-02-19T21:23:00;0;0;0;0
2022-02-19T21:24:00;0;0;0;0
2022-02-19T21:25:00;0;0;0;0
2022-02-19T21:26:00;0;0;0;0
2022-02-19T21:27:00;0;0;0;0
2022-02-19T21:28:00;0;0;0;0
2022-02-19T21:29:00;0;0;0;0
2022-02-19T21:30:00;0.6094;0.6094;0.58;0.27
2022-02-19T21:31:00;0;0;0;0
2022-02-19T21:32:00;0;0;0;0
2022-02-19T21:33:00;0;0;0;0
2022-02-19T21:34:00;0;0;0;0
2022-02-19T21:35:00;0;0;0;0
2022-02-19T21:36:00;0;0;0;0
2022-02-19T21:37:00;0;0;0;0
2022-02-19T21:38:00;0;0;0;0
2022-02-19T21:39:00;0;0;0;0
2022-02-19T21:40:00;0.6727;0.6727;0.67;0.42
2022-02-19T21:41:00;0;0;0;0
2022-02-19T21:42:00;0;0;0;0
2022-02-19T21:43:00;0;0;0;0
2022-02-19T21:44:00;0;0;0;0
2022-02-19T21:45:00;0;0;0;0
2022-02-19T21:46:00;0;0;0;0
2022-02-19T21:47:00;0;0;0;0
2022-02-19T21:48:00;0;0;0;0
2022-02-19T21:49:00;0;0;0;0
2022-02-19T21:50:00;0.7366;0.7366;0.76;0.55
2022-02-19T21:51:00;0;0;0;0
2022-02-19T21:52:00;0;0;0;0
2022-02-19T21:53:00;0;0;0;0
2022-02-19T21:54:00;0;0;0;0
2022-02-19T21:55:00;0;0;0;0
2022-02-19T21:56:00;0;0;0;0
2022-02-19T21:57:00;0;0;0;0
2022-02-19T21:58:00;0;0;0;0
2022-02-19T21:59:00;0;0;0;0
2022-02-19T22:00:00;0.8006;0.8006;0.85;0.67
2022-02-19T22:01:00;0;0;0;0
2022-02-19T22:02:00;0;0;0;0
2022-02-19T22:03:00;0;0;0;0
2022-02-19T22:04:00;0;0;0;0
2022-02-19T22:05:00;0;0;0;0
2022-02-19T22:06:00;0;0;0;0
2022-02-19T22:07:00;0;0;0;0
2022-02-19T22:08:00;0;0;0;0
2022-02-19T22:09:00;0;0;0;0
2022-02-19T22:10:00;0.8636;0.8636;0.93;0.79
2022-02-19T22:11:00;0;0;0;0
2022-02-19T22:12:00;0;0;0;0
2022-02-19T22:13:00;0;0;0;0
2022-02-19T22:14:00;0;0;0;0
2022-02-19T22:15:00;0;0;0;0
2022-02-19T22:16:00;0;0;0;0
2022-02-19T22:17:00;0;0;0;0
2022-02-19T22:18:00;0;0;0;0
2022-02-19T22:19:00;0;0;0;0
2022-02-19T22:20:00;0.924;0.924;1.01;0.9
2022-02-19T22:21:00;0;0;0;0
2022-02-19T22:22:00;0;0;0;0
2022-02-19T22:23:00;0;0;0;0
2022-02-19T22:24:00;0;0;0;0
2022-02-19T22:25:00;0;0;0;0
2022-02-19T22:26:00;0;0;0;0
2022-02-19T22:27:00;0;0;0;0
2022-02-19T22:28:00;0;0;0;0
2022-02-19T22:29:00;0;0;0;0
2022-02-19T22:30:00;0.9804;0.9804;1.09;1
2022-02-19T22:31:00;0;0;0;0
2022-02-19T22:32:00;0;0;0;0
2022-02-19T22:33:00;0;0;0;0
2022-02-19T22:34:00;0;0;0;0
2022-02-19T22:35:00;0;0;0;0
2022-02-19T22:36:00;0;0;0;0
2022-02-19T22:37:00;0;0;0;0
2022-02-19T22:38:00;0;0;0;0
2022-02-19T22:39:00;0;0;0;0
2022-02-19T22:40:00;1.0314;1.0314;1.16;1.09
2022-02-19T22:41:00;0;0;0;0
2022-02-19T22:42:00;0;0;0;0
2022-02-19T22:43:00;0;0;0;0
2022-02-19T22:44:00;0;0;0;0
2022-02-19T22:45:00;0;0;0;0
2022-02-19T22:46:00;0;0;0;0
2022-02-19T22:47:00;0;0;0;0
2022-02-19T22:48:00;0;0;0;0
2022-02-19T22:49:00;0;0;0;0
2022-02-19T22:50:00;1.0762;1.0762;1.22;1.18
2022-02-19T22:51:00;0;0;0;0
2022-02-19T22:52:00;0;0;0;0
2022-02-19T22:53:00;0;0;0;0
2022-02-19T22:54:00;0;0;0;0
2022-02-19T22:55:00;0;0;0;0
2022-02-19T22:56:00;0;0;0;0
2022-02-19T22:57:00;0;0;0;0
2022-02-19T22:58:00;0;0;0;0
2022-02-19T22:59:00;0;0;0;0
2022-02-19T23:00:00;1.1143;1.1143;1.28;1.26
2022-02-19T23:01:00;0;0;0;0
2022-02-19T23:02:00;0;0;0;0
2022-02-19T23:03:00;0;0;0;0
2022-02-19T23:04:00;0;0;0;0
2022-02-19T23:05:00;0;0;0;0
2022-02-19T23:06:00;0;0;0;0
2022-02-19T23:07:00;0;0;0;0
2022-02-19T23:08:00;0;0;0;0
2022-02-19T23:09:00;0;0;0;0
2022-02-19T23:10:00;1.1457;1.1457;1.32;1.32
2022-02-19T23:11:00;0;0;0;0
2022-02-19T23:12:00;0;0;0;0
2022-02-19T23:13:00;0;0;0;0
2022-02-19T23:14:00;0;0;0;0
2022-02-19T23:15:00;0;0;0;0
2022-02-19T23:16:00;0;0;0;0
2022-02-19T23:17:00;0;0;0;0
2022-02-19T23:18:00;0;0;0;0
2022-02-19T23:19:00;0;0;0;0
2022-02-19T23:20:00;1.1705;1.1705;1.36;1.38
2022-02-19T23:21:00;0;0;0;0
2022-02-19T23:22:00;0;0;0;0
2022-02-19T23:23:00;0;0;0;0
2022-02-19T23:24:00;0;0;0;0
2022-02-19T23:25:00;0;0;0;0
2022-02-19T23:26:00;0;0;0;0
2022-02-19T23:27:00;0;0;0;0
2022-02-19T23:28:00;0;0;0;0
2022-02-19T23:29:00;0;0;0;0
2022-02-19T23:30:00;1.1889;1.1889;1.4;1.43
2022-02-19T23:31:00;0;0;0;0
2022-02-19T23:32:00;0;0;0;0
2022-02-19T23:33:00;0;0;0;0
2022-02-19T23:34:00;0;0;0;0
2022-02-19T23:35:00;0;0;0;0
2022-02-19T23:36:00;0;0;0;0
2022-02-19T23:37:00;0;0;0;0
2022-02-19T23:38:00;0;0;0;0
2022-02-19T23:39:00;0;0;0;0
2022-02-19T23:40:00;1.2009;1.2009;1.42;1.47
2022-02-19T23:41:00;0;0;0;0
2022-02-19T23:42:00;0;0;0;0
2022-02-19T23:43:00;0;0;0;0
2022-02-19T23:44:00;0;0;0;0
2022-02-19T23:45:00;0;0;0;0
2022-02-19T23:46:00;0;0;0;0
2022-02-19T23:47:00;0;0;0;0
2022-02-19T23:48:00;0;0;0;0
2022-02-19T23:49:00;0;0;0;0
2022-02-19T23:50:00;1.2066;1.2066;1.44;1.5
2022-02-19T23:51:00;0;0;0;0
2022-02-19T23:52:00;0;0;0;0
2022-02-19T23:53:00;0;0;0;0
2022-02-19T23:54:00;0;0;0;0
2022-02-19T23:55:00;0;0;0;0
2022-02-19T23:56:00;0;0;0;0
2022-02-19T23:57:00;0;0;0;0
2022-02-19T23:58:00;0;0;0;0
2022-02-19T23:59:00;0;0;0;0
2022-02-20T00:00:00;1.2051;1.2051;1.46;1.54
2022-02-20T00:01:00;0;0;0;0
2022-02-20T00:02:00;0;0;0;0
2022-02-20T00:03:00;0;0;0;0
2022-02-20T00:04:00;0;0;0;0
2022-02-20T00:05:00;0;0;0;0
2022-02-20T00:06:00;0;0;0;0
2022-02-20T00:07:00;0;0;0;0
2022-02-20T00:08:00;0;0;0;0
2022-02-20T00:09:00;0;0;0;0
2022-02-20T00:10:00;1.1966;1.1966;1.46;1.57
2022-02-20T00:11:00;0;0;0;0
2022-02-20T00:12:00;0;0;0;0
2022-02-20T00:13:00;0;0;0;0
2022-02-20T00:14:00;0;0;0;0
2022-02-20T00:15:00;0;0;0;0
2022-02-20T00:16:00;0;0;0;0
2022-02-20T00:17:00;0;0;0;0
2022-02-20T00:18:00;0;0;0;0
2022-02-20T00:19:00;0;0;0;0
2022-02-20T00:20:00;1.1802;1.1802;1.47;1.6
2022-02-20T00:21:00;0;0;0;0
2022-02-20T00:22:00;0;0;0;0
2022-02-20T00:23:00;0;0;0;0
2022-02-20T00:24:00;0;0;0;0
2022-02-20T00:25:00;0;0;0;0
2022-02-20T00:26:00;0;0;0;0
2022-02-20T00:27:00;0;0;0;0
2022-02-20T00:28:00;0;0;0;0
2022-02-20T00:29:00;0;0;0;0
2022-02-20T00:30:00;1.1551;1.1551;1.46;1.63
2022-02-20T00:31:00;0;0;0;0
2022-02-20T00:32:00;0;0;0;0
2022-02-20T00:33:00;0;0;0;0
2022-02-20T00:34:00;0;0;0;0
2022-02-20T00:35:00;0;0;0;0
2022-02-20T00:36:00;0;0;0;0
2022-02-20T00:37:00;0;0;0;0
2022-02-20T00:38:00;0;0;0;0
2022-02-20T00:39:00;0;0;0;0
2022-02-20T00:40:00;1.1207;1.1207;1.44;1.65
2022-02-20T00:41:00;0;0;0;0
2022-02-20T00:42:00;0;0;0;0
2022-02-20T00:43:00;0;0;0;0
2022-02-20T00:44:00;0;0;0;0
2022-02-20T00:45:00;0;0;0;0
2022-02-20T00:46:00;0;0;0;0
2022-02-20T00:47:00;0;0;0;0
2022-02-20T00:48:00;0;0;0;0
2022-02-20T00:49:00;0;0;0;0
2022-02-20T00:50:00;1.0768;1.0768;1.41;1.67
2022-02-20T00:51:00;0;0;0;0
2022-02-20T00:52:00;0;0;0;0
2022-02-20T00:53:00;0;0;0;0
2022-02-20T00:54:00;0;0;0;0
2022-02-20T00:55:00;0;0;0;0
2022-02-20T00:56:00;0;0;0;0
2022-02-20T00:57:00;0;0;0;0
2022-02-20T00:58:00;0;0;0;0
2022-02-20T00:59:00;0;0;0;0
2022-02-20T01:00:00;1.0232;1.0232;1.38;1.67
2022-02-20T01:01:00;0;0;0;0
2022-02-20T01:02:00;0;0;0;0
2022-02-20T01:03:00;0;0;0;0
2022-02-20T01:04:00;0;0;0;0
2022-02-20T01:05:00;0;0;0;0
2022-02-20T01:06:00;0;0;0;0
2022-02-20T01:07:00;0;0;0;0
2022-02-20T01:08:00;0;0;0;0
2022-02-20T01:09:00;0;0;0;0
2022-02-20T01:10:00;0.9598;0.9598;1.33;1.67
2022-02-20T01:11:00;0;0;0;0
2022-02-20T01:12:00;0;0;0;0
2022-02-20T01:13:00;0;0;0;0
2022-02-20T01:14:00;0;0;0;0
2022-02-20T01:15:00;0;0;0;0
2022-02-20T01:16:00;0;0;0;0
2022-02-20T01:17:00;0;0;0;0
2022-02-20T01:18:00;0;0;0;0
2022-02-20T01:19:00;0;0;0;0
2022-02-20T01:20:00;0.8871;0.8871;1.27;1.66
2022-02-20T01:21:00;0;0;0;0
2022-02-20T01:22:00;0;0;0;0
2022-02-20T01:23:00;0;0;0;0
2022-02-20T01:24:00;0;0;0;0
2022-02-20T01:25:00;0;0;0;0
2022-02-20T01:26:00;0;0;0;0
2022-02-20T01:27:00;0;0;0;0
2022-02-20T01:28:00;0;0;0;0
2022-02-20T01:29:00;0;0;0;0
2022-02-20T01:30:00;0.8053;0.8053;1.21;1.63
2022-02-20T01:31:00;0;0;0;0
2022-02-20T01:32:00;0;0;0;0
2022-02-20T01:33:00;0;0;0;0
2022-02-20T01:34:00;0;0;0;0
2022-02-20T01:35:00;0;0;0;0
2022-02-20T01:36:00;0;0;0;0
2022-02-20T01:37:00;0;0;0;0
2022-02-20T01:38:00;0;0;0;0
2022-02-20T01:39:00;0;0;0;0
2022-02-20T01:40:00;0.7152;0.7152;1.13;1.59
2022-02-20T01:41:00;0;0;0;0
2022-02-20T01:42:00;0;0;0;0
2022-02-20T01:43:00;0;0;0;0
2022-02-20T01:44:00;0;0;0;0
2022-02-20T01:45:00;0;0;0;0
2022-02-20T01:46:00;0;0;0;0
2022-02-20T01:47:00;0;0;0;0
2022-02-20T01:48:00;0;0;0;0
2022-02-20T01:49:00;0;0;0;0
2022-02-20T01:50:00;0.6175;0.6175;1.05;1.55
2022-02-20T01:51:00;0;0;0;0
2022-02-20T01:52:00;0;0;0;0
2022-02-20T01:53:00;0;0;0;0
2022-02-20T01:54:00;0;0;0;0
2022-02-20T01:55:00;0;0;0;0
2022-02-20T01:56:00;0;0;0;0
2022-02-20T01:57:00;0;0;0;0
2022-02-20T01:58:00;0;0;0;0
2022-02-20T01:59:00;0;0;0;0
2022-02-20T02:00:00;0.5133;0.5133;0.96;1.49
2022-02-20T02:01:00;0;0;0;0
2022-02-20T02:02:00;0;0;0;0
2022-02-20T02:03:00;0;0;0;0
2022-02-20T02:04:00;0;0;0;0
2022-02-20T02:05:00;0;0;0;0
2022-02-20T02:06:00;0;0;0;0
2022-02-20T02:07:00;0;0;0;0
2022-02-20T02:08:00;0;0;0;0
2022-02-20T02:09:00;0;0;0;0
2022-02-20T02:10:00;0.4037;0.4037;0.87;1.43
2022-02-20T02:11:00;0;0;0;0
2022-02-20T02:12:00;0;0;0;0
2022-02-20T02:13:00;0;0;0;0
2022-02-20T02:14:00;0;0;0;0
2022-02-20T02:15:00;0;0;0;0
2022-02-20T02:16:00;0;0;0;0
2022-02-20T02:17:00;0;0;0;0
2022-02-20T02:18:00;0;0;0;0
2022-02-20T02:19:00;0;0;0;0
2022-02-20T02:20:00;0.2902;0.2902;0.77;1.35
2022-02-20T02:21:00;0;0;0;0
2022-02-20T02:22:00;0;0;0;0
2022-02-20T02:23:00;0;0;0;0
2022-02-20T02:24:00;0;0;0;0
2022-02-20T02:25:00;0;0;0;0
2022-02-20T02:26:00;0;0;0;0
2022-02-20T02:27:00;0;0;0;0
2022-02-20T02:28:00;0;0;0;0
2022-02-20T02:29:00;0;0;0;0
2022-02-20T02:30:00;0.1744;0.1744;0.67;1.27
2022-02-20T02:31:00;0;0;0;0
2022-02-20T02:32:00;0;0;0;0
2022-02-20T02:33:00;0;0;0;0
2022-02-20T02:34:00;0;0;0;0
2022-02-20T02:35:00;0;0;0;0
2022-02-20T02:36:00;0;0;0;0
2022-02-20T02:37:00;0;0;0;0
2022-02-20T02:38:00;0;0;0;0
2022-02-20T02:39:00;0;0;0;0
2022-02-20T02:40:00;0.0579;0.0579;0.57;1.19
2022-02-20T02:41:00;0;0;0;0
2022-02-20T02:42:00;0;0;0;0
2022-02-20T02:43:00;0;0;0;0
2022-02-20T02:44:00;0;0;0;0
2022-02-20T02:45:00;0;0;0;0
2022-02-20T02:46:00;0;0;0;0
2022-02-20T02:47:00;0;0;0;0
2022-02-20T02:48:00;0;0;0;0
2022-02-20T02:49:00;0;0;0;0
2022-02-20T02:50:00;-0.0575;-0.0575;0.46;1.1
2022-02-20T02:51:00;0;0;0;0
2022-02-20T02:52:00;0;0;0;0
2022-02-20T02:53:00;0;0;0;0
2022-02-20T02:54:00;0;0;0;0
2022-02-20T02:55:00;0;0;0;0
2022-02-20T02:56:00;0;0;0;0
2022-02-20T02:57:00;0;0;0;0
2022-02-20T02:58:00;0;0;0;0
2022-02-20T02:59:00;0;0;0;0
2022-02-20T03:00:00;-0.1702;-0.1702;0.35;1
2022-02-20T03:01:00;0;0;0;0
2022-02-20T03:02:00;0;0;0;0
2022-02-20T03:03:00;0;0;0;0
2022-02-20T03:04:00;0;0;0;0
2022-02-20T03:05:00;0;0;0;0
2022-02-20T03:06:00;0;0;0;0
2022-02-20T03:07:00;0;0;0;0
2022-02-20T03:08:00;0;0;0;0
2022-02-20T03:09:00;0;0;0;0
2022-02-20T03:10:00;-0.279;-0.279;0.23;0.89
2022-02-20T03:11:00;0;0;0;0
2022-02-20T03:12:00;0;0;0;0
2022-02-20T03:13:00;0;0;0;0
2022-02-20T03:14:00;0;0;0;0
2022-02-20T03:15:00;0;0;0;0
2022-02-20T03:16:00;0;0;0;0
2022-02-20T03:17:00;0;0;0;0
2022-02-20T03:18:00;0;0;0;0
2022-02-20T03:19:00;0;0;0;0
2022-02-20T03:20:00;-0.3827;-0.3827;0.12;0.78
2022-02-20T03:21:00;0;0;0;0
2022-02-20T03:22:00;0;0;0;0
2022-02-20T03:23:00;0;0;0;0
2022-02-20T03:24:00;0;0;0;0
2022-02-20T03:25:00;0;0;0;0
2022-02-20T03:26:00;0;0;0;0
2022-02-20T03:27:00;0;0;0;0
2022-02-20T03:28:00;0;0;0;0
2022-02-20T03:29:00;0;0;0;0
2022-02-20T03:30:00;-0.4809;-0.4809;0;0.67
2022-02-20T03:31:00;0;0;0;0
2022-02-20T03:32:00;0;0;0;0
2022-02-20T03:33:00;0;0;0;0
2022-02-20T03:34:00;0;0;0;0
2022-02-20T03:35:00;0;0;0;0
2022-02-20T03:36:00;0;0;0;0
2022-02-20T03:37:00;0;0;0;0
2022-02-20T03:38:00;0;0;0;0
2022-02-20T03:39:00;0;0;0;0
2022-02-20T03:40:00;-0.5732;-0.5732;-0.11;0.56
2022-02-20T03:41:00;0;0;0;0
2022-02-20T03:42:00;0;0;0;0
2022-02-20T03:43:00;0;0;0;0
2022-02-20T03:44:00;0;0;0;0
2022-02-20T03:45:00;0;0;0;0
2022-02-20T03:46:00;0;0;0;0
2022-02-20T03:47:00;0;0;0;0
2022-02-20T03:48:00;0;0;0;0
2022-02-20T03:49:00;0;0;0;0
2022-02-20T03:50:00;-0.6598;-0.6598;-0.23;0.44
2022-02-20T03:51:00;0;0;0;0
2022-02-20T03:52:00;0;0;0;0
2022-02-20T03:53:00;0;0;0;0
2022-02-20T03:54:00;0;0;0;0
2022-02-20T03:55:00;0;0;0;0
2022-02-20T03:56:00;0;0;0;0
2022-02-20T03:57:00;0;0;0;0
2022-02-20T03:58:00;0;0;0;0
2022-02-20T03:59:00;0;0;0;0
2022-02-20T04:00:00;-0.7411;-0.7411;-0.34;0.32
2022-02-20T04:01:00;0;0;0;0
2022-02-20T04:02:00;0;0;0;0
2022-02-20T04:03:00;0;0;0;0
2022-02-20T04:04:00;0;0;0;0
2022-02-20T04:05:00;0;0;0;0
2022-02-20T04:06:00;0;0;0;0
2022-02-20T04:07:00;0;0;0;0
2022-02-20T04:08:00;0;0;0;0
2022-02-20T04:09:00;0;0;0;0
2022-02-20T04:10:00;-0.8174;-0.8174;-0.46;0.2
2022-02-20T04:11:00;0;0;0;0
2022-02-20T04:12:00;0;0;0;0
2022-02-20T04:13:00;0;0;0;0
2022-02-20T04:14:00;0;0;0;0
2022-02-20T04:15:00;0;0;0;0
2022-02-20T04:16:00;0;0;0;0
2022-02-20T04:17:00;0;0;0;0
2022-02-20T04:18:00;0;0;0;0
2022-02-20T04:19:00;0;0;0;0
2022-02-20T04:20:00;-0.8893;-0.8893;-0.58;0.08
2022-02-20T04:21:00;0;0;0;0
2022-02-20T04:22:00;0;0;0;0
2022-02-20T04:23:00;0;0;0;0
2022-02-20T04:24:00;0;0;0;0
2022-02-20T04:25:00;0;0;0;0
2022-02-20T04:26:00;0;0;0;0
2022-02-20T04:27:00;0;0;0;0
2022-02-20T04:28:00;0;0;0;0
2022-02-20T04:29:00;0;0;0;0
2022-02-20T04:30:00;-0.957;-0.957;-0.69;-0.04
2022-02-20T04:31:00;0;0;0;0
2022-02-20T04:32:00;0;0;0;0
2022-02-20T04:33:00;0;0;0;0
2022-02-20T04:34:00;0;0;0;0
2022-02-20T04:35:00;0;0;0;0
2022-02-20T04:36:00;0;0;0;0
2022-02-20T04:37:00;0;0;0;0
2022-02-20T04:38:00;0;0;0;0
2022-02-20T04:39:00;0;0;0;0
2022-02-20T04:40:00;-1.0209;-1.0209;-0.8;-0.16
2022-02-20T04:41:00;0;0;0;0
2022-02-20T04:42:00;0;0;0;0
2022-02-20T04:43:00;0;0;0;0
2022-02-20T04:44:00;0;0;0;0
2022-02-20T04:45:00;0;0;0;0
2022-02-20T04:46:00;0;0;0;0
2022-02-20T04:47:00;0;0;0;0
2022-02-20T04:48:00;0;0;0;0
2022-02-20T04:49:00;0;0;0;0
2022-02-20T04:50:00;-1.0811;-1.0811;-0.9;-0.28
2022-02-20T04:51:00;0;0;0;0
2022-02-20T04:52:00;0;0;0;0
2022-02-20T04:53:00;0;0;0;0
2022-02-20T04:54:00;0;0;0;0
2022-02-20T04:55:00;0;0;0;0
2022-02-20T04:56:00;0;0;0;0
2022-02-20T04:57:00;0;0;0;0
2022-02-20T04:58:00;0;0;0;0
2022-02-20T04:59:00;0;0;0;0
2022-02-20T05:00:00;-1.1379;-1.1379;-0.99;-0.41
2022-02-20T05:01:00;0;0;0;0
2022-02-20T05:02:00;0;0;0;0
2022-02-20T05:03:00;0;0;0;0
2022-02-20T05:04:00;0;0;0;0
2022-02-20T05:05:00;0;0;0;0
2022-02-20T05:06:00;0;0;0;0
2022-02-20T05:07:00;0;0;0;0
2022-02-20T05:08:00;0;0;0;0
2022-02-20T05:09:00;0;0;0;0
2022-02-20T05:10:00;-1.1911;-1.1911;-1.08;-0.54
2022-02-20T05:11:00;0;0;0;0
2022-02-20T05:12:00;0;0;0;0
2022-02-20T05:13:00;0;0;0;0
2022-02-20T05:14:00;0;0;0;0
2022-02-20T05:15:00;0;0;0;0
2022-02-20T05:16:00;0;0;0;0
2022-02-20T05:17:00;0;0;0;0
2022-02-20T05:18:00;0;0;0;0
2022-02-20T05:19:00;0;0;0;0
2022-02-20T05:20:00;-1.2409;-1.2409;-1.16;-0.67
2022-02-20T05:21:00;0;0;0;0
2022-02-20T05:22:00;0;0;0;0
2022-02-20T05:23:00;0;0;0;0
2022-02-20T05:24:00;0;0;0;0
2022-02-20T05:25:00;0;0;0;0
2022-02-20T05:26:00;0;0;0;0
2022-02-20T05:27:00;0;0;0;0
2022-02-20T05:28:00;0;0;0;0
2022-02-20T05:29:00;0;0;0;0
2022-02-20T05:30:00;-1.2872;-1.2872;-1.23;-0.79
2022-02-20T05:31:00;0;0;0;0
2022-02-20T05:32:00;0;0;0;0
2022-02-20T05:33:00;0;0;0;0
2022-02-20T05:34:00;0;0;0;0
2022-02-20T05:35:00;0;0;0;0
2022-02-20T05:36:00;0;0;0;0
2022-02-20T05:37:00;0;0;0;0
2022-02-20T05:38:00;0;0;0;0
2022-02-20T05:39:00;0;0;0;0
2022-02-20T05:40:00;-1.3297;-1.3297;-1.3;-0.92
2022-02-20T05:41:00;0;0;0;0
2022-02-20T05:42:00;0;0;0;0
2022-02-20T05:43:00;0;0;0;0
2022-02-20T05:44:00;0;0;0;0
2022-02-20T05:45:00;0;0;0;0
2022-02-20T05:46:00;0;0;0;0
2022-02-20T05:47:00;0;0;0;0
2022-02-20T05:48:00;0;0;0;0
2022-02-20T05:49:00;0;0;0;0
2022-02-20T05:50:00;-1.3678;-1.3678;-1.36;-1.04
2022-02-20T05:51:00;0;0;0;0
2022-02-20T05:52:00;0;0;0;0
2022-02-20T05:53:00;0;0;0;0
2022-02-20T05:54:00;0;0;0;0
2022-02-20T05:55:00;0;0;0;0
2022-02-20T05:56:00;0;0;0;0
2022-02-20T05:57:00;0;0;0;0
2022-02-20T05:58:00;0;0;0;0
2022-02-20T05:59:00;0;0;0;0
2022-02-20T06:00:00;-1.4002;-1.4002;-1.42;-1.15
2022-02-20T06:01:00;0;0;0;0
2022-02-20T06:02:00;0;0;0;0
2022-02-20T06:03:00;0;0;0;0
2022-02-20T06:04:00;0;0;0;0
2022-02-20T06:05:00;0;0;0;0
2022-02-20T06:06:00;0;0;0;0
2022-02-20T06:07:00;0;0;0;0
2022-02-20T06:08:00;0;0;0;0
2022-02-20T06:09:00;0;0;0;0
2022-02-20T06:10:00;-1.4252;-1.4252;-1.48;-1.26
2022-02-20T06:11:00;0;0;0;0
2022-02-20T06:12:00;0;0;0;0
2022-02-20T06:13:00;0;0;0;0
2022-02-20T06:14:00;0;0;0;0
2022-02-20T06:15:00;0;0;0;0
2022-02-20T06:16:00;0;0;0;0
2022-02-20T06:17:00;0;0;0;0
2022-02-20T06:18:00;0;0;0;0
2022-02-20T06:19:00;0;0;0;0
2022-02-20T06:20:00;-1.4404;-1.4404;-1.53;-1.37
2022-02-20T06:21:00;0;0;0;0
2022-02-20T06:22:00;0;0;0;0
2022-02-20T06:23:00;0;0;0;0
2022-02-20T06:24:00;0;0;0;0
2022-02-20T06:25:00;0;0;0;0
2022-02-20T06:26:00;0;0;0;0
2022-02-20T06:27:00;0;0;0;0
2022-02-20T06:28:00;0;0;0;0
2022-02-20T06:29:00;0;0;0;0
2022-02-20T06:30:00;-1.4429;-1.4429;-1.58;-1.47
2022-02-20T06:31:00;0;0;0;0
2022-02-20T06:32:00;0;0;0;0
2022-02-20T06:33:00;0;0;0;0
2022-02-20T06:34:00;0;0;0;0
2022-02-20T06:35:00;0;0;0;0
2022-02-20T06:36:00;0;0;0;0
2022-02-20T06:37:00;0;0;0;0
2022-02-20T06:38:00;0;0;0;0
2022-02-20T06:39:00;0;0;0;0
2022-02-20T06:40:00;-1.4298;-1.4298;-1.62;-1.57
2022-02-20T06:41:00;0;0;0;0
2022-02-20T06:42:00;0;0;0;0
2022-02-20T06:43:00;0;0;0;0
2022-02-20T06:44:00;0;0;0;0
2022-02-20T06:45:00;0;0;0;0
2022-02-20T06:46:00;0;0;0;0
2022-02-20T06:47:00;0;0;0;0
2022-02-20T06:48:00;0;0;0;0
2022-02-20T06:49:00;0;0;0;0
2022-02-20T06:50:00;-1.3981;-1.3981;-1.65;-1.67
2022-02-20T06:51:00;0;0;0;0
2022-02-20T06:52:00;0;0;0;0
2022-02-20T06:53:00;0;0;0;0
2022-02-20T06:54:00;0;0;0;0
2022-02-20T06:55:00;0;0;0;0
2022-02-20T06:56:00;0;0;0;0
2022-02-20T06:57:00;0;0;0;0
2022-02-20T06:58:00;0;0;0;0
2022-02-20T06:59:00;0;0;0;0
2022-02-20T07:00:00;-1.3455;-1.3455;-1.66;-1.76
2022-02-20T07:01:00;0;0;0;0
2022-02-20T07:02:00;0;0;0;0
2022-02-20T07:03:00;0;0;0;0
2022-02-20T07:04:00;0;0;0;0
2022-02-20T07:05:00;0;0;0;0
2022-02-20T07:06:00;0;0;0;0
2022-02-20T07:07:00;0;0;0;0
2022-02-20T07:08:00;0;0;0;0
2022-02-20T07:09:00;0;0;0;0
2022-02-20T07:10:00;-1.271;-1.271;-1.66;-1.83
2022-02-20T07:11:00;0;0;0;0
2022-02-20T07:12:00;0;0;0;0
2022-02-20T07:13:00;0;0;0;0
2022-02-20T07:14:00;0;0;0;0
2022-02-20T07:15:00;0;0;0;0
2022-02-20T07:16:00;0;0;0;0
2022-02-20T07:17:00;0;0;0;0
2022-02-20T07:18:00;0;0;0;0
2022-02-20T07:19:00;0;0;0;0
2022-02-20T07:20:00;-1.1749;-1.1749;-1.63;-1.9
2022-02-20T07:21:00;0;0;0;0
2022-02-20T07:22:00;0;0;0;0
2022-02-20T07:23:00;0;0;0;0
2022-02-20T07:24:00;0;0;0;0
2022-02-20T07:25:00;0;0;0;0
2022-02-20T07:26:00;0;0;0;0
2022-02-20T07:27:00;0;0;0;0
2022-02-20T07:28:00;0;0;0;0
2022-02-20T07:29:00;0;0;0;0
2022-02-20T07:30:00;-1.059;-1.059;-1.57;-1.94
2022-02-20T07:31:00;0;0;0;0
2022-02-20T07:32:00;0;0;0;0
2022-02-20T07:33:00;0;0;0;0
2022-02-20T07:34:00;0;0;0;0
2022-02-20T07:35:00;0;0;0;0
2022-02-20T07:36:00;0;0;0;0
2022-02-20T07:37:00;0;0;0;0
2022-02-20T07:38:00;0;0;0;0
2022-02-20T07:39:00;0;0;0;0
2022-02-20T07:40:00;-0.9271;-0.9271;-1.49;-1.95
2022-02-20T07:41:00;0;0;0;0
2022-02-20T07:42:00;0;0;0;0
2022-02-20T07:43:00;0;0;0;0
2022-02-20T07:44:00;0;0;0;0
2022-02-20T07:45:00;0;0;0;0
2022-02-20T07:46:00;0;0;0;0
2022-02-20T07:47:00;0;0;0;0
2022-02-20T07:48:00;0;0;0;0
2022-02-20T07:49:00;0;0;0;0
2022-02-20T07:50:00;-0.7841;-0.7841;-1.38;-1.93
2022-02-20T07:51:00;0;0;0;0
2022-02-20T07:52:00;0;0;0;0
2022-02-20T07:53:00;0;0;0;0
2022-02-20T07:54:00;0;0;0;0
2022-02-20T07:55:00;0;0;0;0
2022-02-20T07:56:00;0;0;0;0
2022-02-20T07:57:00;0;0;0;0
2022-02-20T07:58:00;0;0;0;0
2022-02-20T07:59:00;0;0;0;0
